run_name,seed,model_id,n_layer,n_head,n_embd,batch_size,n_params,checkpoint_idx,checkpoint_tokens_target,train_tokens_real,val_loss,val_ppl,mu_landscape,flops_estimate,d_over_n,dataset_name,dataset_config,tokenizer_name
tail_s0_L2_H2_E48_B128_T12000000,0,L2_H2_E48,2,2,48,128,2475120,1,12000000,12009472,7.231115865707397,1381.7635066640075,0.09768502693623304,178349306019840.0,4.852076666989883,wikitext,wikitext-103-raw-v1,gpt2
tail_s0_L2_H2_E48_B128_T16000000,0,L2_H2_E48,2,2,48,128,2475120,2,16000000,16007168,7.081407856941223,1189.6421860996556,0.26213761419057846,237717969960960.0,6.4672290636413585,wikitext,wikitext-103-raw-v1,gpt2
tail_s0_L2_H2_E48_B128_T20000000,0,L2_H2_E48,2,2,48,128,2475120,3,20000000,20004864,6.951464653015137,1044.67870000819,0.40653329715132713,297086633902080.0,8.082381460292835,wikitext,wikitext-103-raw-v1,gpt2
tail_s0_L2_H2_E48_B128_T25000000,0,L2_H2_E48,2,2,48,128,2475120,4,25000000,25001984,6.850786185264587,944.6232637087737,0.2757515925914049,371297463828480.0,10.101321956107178,wikitext,wikitext-103-raw-v1,gpt2
tail_s0_L2_H2_E48_B128_T30000000,0,L2_H2_E48,2,2,48,128,2475120,5,30000000,30015488,6.762790775299072,865.0529987611787,0.4324381612241268,445751607951360.0,12.12688192895698,wikitext,wikitext-103-raw-v1,gpt2
tail_s0_L2_H2_E48_B128_T36000000,0,L2_H2_E48,2,2,48,128,2475120,6,36000000,36012032,6.685716319084167,800.8841613616186,0.4583529308438301,534804603863040.0,14.549610523934193,wikitext,wikitext-103-raw-v1,gpt2
tail_s0_L2_H2_E48_B128_T42000000,0,L2_H2_E48,2,2,48,128,2475120,7,42000000,42008576,6.622675585746765,751.9543262583722,0.5473358705639839,623857599774720.0,16.972339118911407,wikitext,wikitext-103-raw-v1,gpt2
tail_s0_L2_H2_E48_B128_T50000000,0,L2_H2_E48,2,2,48,128,2475120,8,50000000,50003968,6.556036257743836,703.4777565183954,0.5715704895555973,742594927656960.0,20.202643912214356,wikitext,wikitext-103-raw-v1,gpt2
tail_s0_L3_H2_E64_B128_T12000000,0,L3_H2_E64,3,2,64,128,3374720,1,12000000,12009472,7.053882360458374,1157.343255595252,0.24611637368798256,243171632087040.0,3.55865731082875,wikitext,wikitext-103-raw-v1,gpt2
tail_s0_L3_H2_E64_B128_T16000000,0,L3_H2_E64,3,2,64,128,3374720,2,16000000,16007168,6.913487267494202,1005.7484477913218,0.4060327298939228,324118259957760.0,4.743258107339275,wikitext,wikitext-103-raw-v1,gpt2
tail_s0_L3_H2_E64_B128_T20000000,0,L3_H2_E64,3,2,64,128,3374720,3,20000000,20004864,6.791933226585388,890.6336953286536,0.33384696394205093,405064887828480.0,5.927858903849801,wikitext,wikitext-103-raw-v1,gpt2
tail_s0_L3_H2_E64_B128_T25000000,0,L3_H2_E64,3,2,64,128,3374720,4,25000000,25001984,6.7002708435058596,812.6258898096065,0.33572790771722794,506248172666880.0,7.408609899487957,wikitext,wikitext-103-raw-v1,gpt2
tail_s0_L3_H2_E64_B128_T30000000,0,L3_H2_E64,3,2,64,128,3374720,5,30000000,30015488,6.602812767028809,737.1657513926513,0.3881765455007553,607763205980160.0,8.894215816423289,wikitext,wikitext-103-raw-v1,gpt2
tail_s0_L3_H2_E64_B128_T36000000,0,L3_H2_E64,3,2,64,128,3374720,6,36000000,36012032,6.541898608207703,693.6022075529277,0.4540795423090458,729183147786240.0,10.671117011189077,wikitext,wikitext-103-raw-v1,gpt2
tail_s0_L3_H2_E64_B128_T42000000,0,L3_H2_E64,3,2,64,128,3374720,7,42000000,42008576,6.479152488708496,651.4186276136838,1.0319567620754242,850603089592320.0,12.448018205954865,wikitext,wikitext-103-raw-v1,gpt2
tail_s0_L3_H2_E64_B128_T50000000,0,L3_H2_E64,3,2,64,128,3374720,8,50000000,50003968,6.387992906570434,594.6618392408888,0.6114150956273079,1012496345333760.0,14.817219798975914,wikitext,wikitext-103-raw-v1,gpt2
tail_s0_L4_H2_E80_B128_T12000000,0,L4_H2_E80,4,2,80,128,4342320,1,12000000,12009472,6.934625673294067,1027.234658680813,0.22513778507709503,312893822730240.0,2.7656810184417546,wikitext,wikitext-103-raw-v1,gpt2
tail_s0_L4_H2_E80_B128_T16000000,0,L4_H2_E80,4,2,80,128,4342320,2,16000000,16007168,6.790631723403931,889.475286740422,0.21692013926804066,417049474498560.0,3.6863169918384644,wikitext,wikitext-103-raw-v1,gpt2
tail_s0_L4_H2_E80_B128_T20000000,0,L4_H2_E80,4,2,80,128,4342320,3,20000000,20004864,6.681927275657654,797.855318327227,0.31730299443006516,521205126266880.0,4.606952965235174,wikitext,wikitext-103-raw-v1,gpt2
tail_s0_L4_H2_E80_B128_T25000000,0,L4_H2_E80,4,2,80,128,4342320,4,25000000,25001984,6.6046916246414185,738.5520828282716,0.3235250897705555,651399690977280.0,5.7577479319810605,wikitext,wikitext-103-raw-v1,gpt2
tail_s0_L4_H2_E80_B128_T30000000,0,L4_H2_E80,4,2,80,128,4342320,5,30000000,30015488,6.5095844745635985,671.5473146169469,0.5293158367276192,782021123112960.0,6.912315996978574,wikitext,wikitext-103-raw-v1,gpt2
tail_s0_L4_H2_E80_B128_T36000000,0,L4_H2_E80,4,2,80,128,4342320,6,36000000,36012032,6.418755626678466,613.2395402150277,0.42825066298246384,938254600765440.0,8.293269957073639,wikitext,wikitext-103-raw-v1,gpt2
tail_s0_L4_H2_E80_B128_T42000000,0,L4_H2_E80,4,2,80,128,4342320,7,42000000,42008576,6.362494349479675,579.6905052491297,0.5031876713037491,1094488078417920.0,9.674223917168703,wikitext,wikitext-103-raw-v1,gpt2
tail_s0_L4_H2_E80_B128_T50000000,0,L4_H2_E80,4,2,80,128,4342320,8,50000000,50003968,6.292182922363281,540.3315444524125,0.4166199788451195,1302799381954560.0,11.515495863962121,wikitext,wikitext-103-raw-v1,gpt2
tail_s0_L5_H2_E96_B128_T12000000,0,L5_H2_E96,5,2,96,128,5396352,1,12000000,12009472,6.827225971221924,922.6278630313336,0.30878172628581524,388844029476864.0,2.2254797314926824,wikitext,wikitext-103-raw-v1,gpt2
tail_s0_L5_H2_E96_B128_T16000000,0,L5_H2_E96,5,2,96,128,5396352,2,16000000,16007168,6.723157143592834,831.438342370257,0.20639473758637905,518281878306816.0,2.9662942669418153,wikitext,wikitext-103-raw-v1,gpt2
tail_s0_L5_H2_E96_B128_T20000000,0,L5_H2_E96,5,2,96,128,5396352,3,20000000,20004864,6.6183360576629635,748.698269326789,0.22086303867399693,647719727136768.0,3.7071088023909486,wikitext,wikitext-103-raw-v1,gpt2
tail_s0_L5_H2_E96_B128_T25000000,0,L5_H2_E96,5,2,96,128,5396352,4,25000000,25001984,6.529783535003662,685.2498628271942,0.29124552197754383,809517038174208.0,4.633126971702365,wikitext,wikitext-103-raw-v1,gpt2
tail_s0_L5_H2_E96_B128_T30000000,0,L5_H2_E96,5,2,96,128,5396352,5,30000000,30015488,6.447532677650452,631.143136566084,0.31730790436267853,971844832198656.0,5.562181266159064,wikitext,wikitext-103-raw-v1,gpt2
tail_s0_L5_H2_E96_B128_T36000000,0,L5_H2_E96,5,2,96,128,5396352,6,36000000,36012032,6.337700414657593,565.494412379457,0.3238874524831772,1166001605443584.0,6.673403069332764,wikitext,wikitext-103-raw-v1,gpt2
tail_s0_L5_H2_E96_B128_T42000000,0,L5_H2_E96,5,2,96,128,5396352,7,42000000,42008576,6.2590096950531,522.7010502800541,0.5665799453854561,1360158378688512.0,7.7846248725064635,wikitext,wikitext-103-raw-v1,gpt2
tail_s0_L5_H2_E96_B128_T50000000,0,L5_H2_E96,5,2,96,128,5396352,8,50000000,50003968,6.192472362518311,489.0537308699747,0.4592151679098606,1619034076348416.0,9.26625394340473,wikitext,wikitext-103-raw-v1,gpt2
tail_s0_L6_H4_E112_B128_T12000000,0,L6_H4_E112,6,4,112,128,6555248,1,12000000,12009472,6.7870688199996945,886.3118111388087,0.17263272777199745,472350403854336.0,1.8320393065220415,wikitext,wikitext-103-raw-v1,gpt2
tail_s0_L6_H4_E112_B128_T16000000,0,L6_H4_E112,6,4,112,128,6555248,2,16000000,16007168,6.647970509529114,771.217557518577,0.21990416757762432,629585736105984.0,2.441885951530743,wikitext,wikitext-103-raw-v1,gpt2
tail_s0_L6_H4_E112_B128_T20000000,0,L6_H4_E112,6,4,112,128,6555248,3,20000000,20004864,6.53324282169342,687.6244433662738,0.23835679702460766,786821068357632.0,3.0517325965394444,wikitext,wikitext-103-raw-v1,gpt2
tail_s0_L6_H4_E112_B128_T25000000,0,L6_H4_E112,6,4,112,128,6555248,4,25000000,25001984,6.439591336250305,626.1508623595848,0.23549176380038261,983365233672192.0,3.814040902800321,wikitext,wikitext-103-raw-v1,gpt2
tail_s0_L6_H4_E112_B128_T30000000,0,L6_H4_E112,6,4,112,128,6555248,5,30000000,30015488,6.368711066246033,583.3055019952898,0.24773730896413326,1180553806086144.0,4.5788485805571355,wikitext,wikitext-103-raw-v1,gpt2
tail_s0_L6_H4_E112_B128_T36000000,0,L6_H4_E112,6,4,112,128,6555248,6,36000000,36012032,6.252143812179566,519.1245380976524,0.26652076095342636,1416406804463616.0,5.493618548070187,wikitext,wikitext-103-raw-v1,gpt2
tail_s0_L6_H4_E112_B128_T42000000,0,L6_H4_E112,6,4,112,128,6555248,7,42000000,42008576,6.172164750099182,479.22238074299736,0.3135828524827957,1652259802841088.0,6.40838851558324,wikitext,wikitext-103-raw-v1,gpt2
tail_s0_L6_H4_E112_B128_T50000000,0,L6_H4_E112,6,4,112,128,6555248,8,50000000,50003968,6.110489869117737,450.55937623981254,0.37125086039304733,1966730467344384.0,7.628081805600642,wikitext,wikitext-103-raw-v1,gpt2
tail_s0_L7_H4_E128_B128_T12000000,0,L7_H4_E128,7,4,128,128,7837440,1,12000000,12009472,6.70789225101471,818.8429039739534,0.15226029511541128,564741097390080.0,1.5323207577984648,wikitext,wikitext-103-raw-v1,gpt2
tail_s0_L7_H4_E128_B128_T16000000,0,L7_H4_E128,7,4,128,128,7837440,2,16000000,16007168,6.595517563819885,731.8075458005142,0.18073897808790207,752731312619520.0,2.0423975175567533,wikitext,wikitext-103-raw-v1,gpt2
tail_s0_L7_H4_E128_B128_T20000000,0,L7_H4_E128,7,4,128,128,7837440,3,20000000,20004864,6.4763078689575195,649.5682224167737,0.28528690338134766,940721527848960.0,2.5524742773150417,wikitext,wikitext-103-raw-v1,gpt2
tail_s0_L7_H4_E128_B128_T25000000,0,L7_H4_E128,7,4,128,128,7837440,4,25000000,25001984,6.3668763637542725,582.2362910792128,0.1851189248263836,1175709296885760.0,3.190070227012902,wikitext,wikitext-103-raw-v1,gpt2
tail_s0_L7_H4_E128_B128_T30000000,0,L7_H4_E128,7,4,128,128,7837440,5,30000000,30015488,6.271084356307983,529.0507464677573,0.24685643799602985,1411467517624320.0,3.829756655234362,wikitext,wikitext-103-raw-v1,gpt2
tail_s0_L7_H4_E128_B128_T36000000,0,L7_H4_E128,7,4,128,128,7837440,6,36000000,36012032,6.1861900806427,485.990988060268,0.25787509232759476,1693452840468480.0,4.5948717948717945,wikitext,wikitext-103-raw-v1,gpt2
tail_s0_L7_H4_E128_B128_T42000000,0,L7_H4_E128,7,4,128,128,7837440,7,42000000,42008576,6.126470780372619,457.81756742968525,0.5032850503921509,1975438163312640.0,5.3599869345092275,wikitext,wikitext-103-raw-v1,gpt2
tail_s0_L7_H4_E128_B128_T50000000,0,L7_H4_E128,7,4,128,128,7837440,8,50000000,50003968,6.038113451004028,419.10163284737604,0.2864518500864506,2351418593771520.0,6.380140454025804,wikitext,wikitext-103-raw-v1,gpt2
tail_s1_L2_H2_E48_B128_T12000000,1,L2_H2_E48,2,2,48,128,2475120,1,12000000,12009472,7.225852203369141,1374.5094782600786,0.11832157149910927,178349306019840.0,4.852076666989883,wikitext,wikitext-103-raw-v1,gpt2
tail_s1_L2_H2_E48_B128_T16000000,1,L2_H2_E48,2,2,48,128,2475120,2,16000000,16007168,7.08760974407196,1197.0431388785682,0.1402096664533019,237717969960960.0,6.4672290636413585,wikitext,wikitext-103-raw-v1,gpt2
tail_s1_L2_H2_E48_B128_T20000000,1,L2_H2_E48,2,2,48,128,2475120,3,20000000,20004864,6.991329956054687,1087.1663986655988,0.1635796893388033,297086633902080.0,8.082381460292835,wikitext,wikitext-103-raw-v1,gpt2
tail_s1_L2_H2_E48_B128_T25000000,1,L2_H2_E48,2,2,48,128,2475120,4,25000000,25001984,6.875428605079651,968.1902479263154,0.26576076820492744,371297463828480.0,10.101321956107178,wikitext,wikitext-103-raw-v1,gpt2
tail_s1_L2_H2_E48_B128_T30000000,1,L2_H2_E48,2,2,48,128,2475120,5,30000000,30015488,6.783836221694946,883.4513469374206,0.3557683043181896,445751607951360.0,12.12688192895698,wikitext,wikitext-103-raw-v1,gpt2
tail_s1_L2_H2_E48_B128_T36000000,1,L2_H2_E48,2,2,48,128,2475120,6,36000000,36012032,6.6977579355239865,810.5863993240192,0.5563791207969189,534804603863040.0,14.549610523934193,wikitext,wikitext-103-raw-v1,gpt2
tail_s1_L2_H2_E48_B128_T42000000,1,L2_H2_E48,2,2,48,128,2475120,7,42000000,42008576,6.652760696411133,774.9206960275578,0.3923902101814747,623857599774720.0,16.972339118911407,wikitext,wikitext-103-raw-v1,gpt2
tail_s1_L2_H2_E48_B128_T50000000,1,L2_H2_E48,2,2,48,128,2475120,8,50000000,50003968,6.575679135322571,717.4326928238805,0.4671696089208126,742594927656960.0,20.202643912214356,wikitext,wikitext-103-raw-v1,gpt2
tail_s1_L3_H2_E64_B128_T12000000,1,L3_H2_E64,3,2,64,128,3374720,1,12000000,12009472,7.059706139564514,1164.1030316815898,0.22580292262136936,243171632087040.0,3.55865731082875,wikitext,wikitext-103-raw-v1,gpt2
tail_s1_L3_H2_E64_B128_T16000000,1,L3_H2_E64,3,2,64,128,3374720,2,16000000,16007168,6.909047913551331,1001.2934703813529,0.30371174216270447,324118259957760.0,4.743258107339275,wikitext,wikitext-103-raw-v1,gpt2
tail_s1_L3_H2_E64_B128_T20000000,1,L3_H2_E64,3,2,64,128,3374720,3,20000000,20004864,6.792258620262146,890.9235490571489,0.24435541778802872,405064887828480.0,5.927858903849801,wikitext,wikitext-103-raw-v1,gpt2
tail_s1_L3_H2_E64_B128_T25000000,1,L3_H2_E64,3,2,64,128,3374720,4,25000000,25001984,6.694393420219422,807.8637517409081,0.4527863711118698,506248172666880.0,7.408609899487957,wikitext,wikitext-103-raw-v1,gpt2
tail_s1_L3_H2_E64_B128_T30000000,1,L3_H2_E64,3,2,64,128,3374720,5,30000000,30015488,6.648973441123962,771.9914239762066,0.4058932065963745,607763205980160.0,8.894215816423289,wikitext,wikitext-103-raw-v1,gpt2
tail_s1_L3_H2_E64_B128_T36000000,1,L3_H2_E64,3,2,64,128,3374720,6,36000000,36012032,6.5625626802444454,708.0839642563311,0.430068913847208,729183147786240.0,10.671117011189077,wikitext,wikitext-103-raw-v1,gpt2
tail_s1_L3_H2_E64_B128_T42000000,1,L3_H2_E64,3,2,64,128,3374720,7,42000000,42008576,6.497915363311767,663.7564986458551,0.4930586814880371,850603089592320.0,12.448018205954865,wikitext,wikitext-103-raw-v1,gpt2
tail_s1_L3_H2_E64_B128_T50000000,1,L3_H2_E64,3,2,64,128,3374720,8,50000000,50003968,6.417313504219055,612.3558110770622,0.8154185712337494,1012496345333760.0,14.817219798975914,wikitext,wikitext-103-raw-v1,gpt2
tail_s1_L4_H2_E80_B128_T12000000,1,L4_H2_E80,4,2,80,128,4342320,1,12000000,12009472,6.913559031486511,1005.8206269050942,0.21568054147064686,312893822730240.0,2.7656810184417546,wikitext,wikitext-103-raw-v1,gpt2
tail_s1_L4_H2_E80_B128_T16000000,1,L4_H2_E80,4,2,80,128,4342320,2,16000000,16007168,6.785492968559265,884.9162153092133,0.3784187026321888,417049474498560.0,3.6863169918384644,wikitext,wikitext-103-raw-v1,gpt2
tail_s1_L4_H2_E80_B128_T20000000,1,L4_H2_E80,4,2,80,128,4342320,3,20000000,20004864,6.705397772789001,816.8028636556238,0.27485261484980583,521205126266880.0,4.606952965235174,wikitext,wikitext-103-raw-v1,gpt2
tail_s1_L4_H2_E80_B128_T25000000,1,L4_H2_E80,4,2,80,128,4342320,4,25000000,25001984,6.593065309524536,730.0151661864735,0.26062583550810814,651399690977280.0,5.7577479319810605,wikitext,wikitext-103-raw-v1,gpt2
tail_s1_L4_H2_E80_B128_T30000000,1,L4_H2_E80,4,2,80,128,4342320,5,30000000,30015488,6.529310393333435,684.9257192515366,0.3510635308921337,782021123112960.0,6.912315996978574,wikitext,wikitext-103-raw-v1,gpt2
tail_s1_L4_H2_E80_B128_T36000000,1,L4_H2_E80,4,2,80,128,4342320,6,36000000,36012032,6.445354962348938,629.7701819948244,0.37890293821692467,938254600765440.0,8.293269957073639,wikitext,wikitext-103-raw-v1,gpt2
tail_s1_L4_H2_E80_B128_T42000000,1,L4_H2_E80,4,2,80,128,4342320,7,42000000,42008576,6.385517168045044,593.1914329377113,0.45534440502524376,1094488078417920.0,9.674223917168703,wikitext,wikitext-103-raw-v1,gpt2
tail_s1_L4_H2_E80_B128_T50000000,1,L4_H2_E80,4,2,80,128,4342320,8,50000000,50003968,6.285046863555908,536.4894318508743,0.5196442976593971,1302799381954560.0,11.515495863962121,wikitext,wikitext-103-raw-v1,gpt2
tail_s1_L5_H2_E96_B128_T12000000,1,L5_H2_E96,5,2,96,128,5396352,1,12000000,12009472,6.842173004150391,936.521991400544,0.23772131651639938,388844029476864.0,2.2254797314926824,wikitext,wikitext-103-raw-v1,gpt2
tail_s1_L5_H2_E96_B128_T16000000,1,L5_H2_E96,5,2,96,128,5396352,2,16000000,16007168,6.724630331993103,832.6641103636813,0.2850728053599596,518281878306816.0,2.9662942669418153,wikitext,wikitext-103-raw-v1,gpt2
tail_s1_L5_H2_E96_B128_T20000000,1,L5_H2_E96,5,2,96,128,5396352,3,20000000,20004864,6.6158778190612795,746.86005065585,0.23977517522871494,647719727136768.0,3.7071088023909486,wikitext,wikitext-103-raw-v1,gpt2
tail_s1_L5_H2_E96_B128_T25000000,1,L5_H2_E96,5,2,96,128,5396352,4,25000000,25001984,6.522381615638733,680.1964242426458,0.2604949101805687,809517038174208.0,4.633126971702365,wikitext,wikitext-103-raw-v1,gpt2
tail_s1_L5_H2_E96_B128_T30000000,1,L5_H2_E96,5,2,96,128,5396352,5,30000000,30015488,6.4254761934280396,617.3747373485122,0.3922843560576439,971844832198656.0,5.562181266159064,wikitext,wikitext-103-raw-v1,gpt2
tail_s1_L5_H2_E96_B128_T36000000,1,L5_H2_E96,5,2,96,128,5396352,6,36000000,36012032,6.360417056083679,578.4875678503821,0.41000237315893173,1166001605443584.0,6.673403069332764,wikitext,wikitext-103-raw-v1,gpt2
tail_s1_L5_H2_E96_B128_T42000000,1,L5_H2_E96,5,2,96,128,5396352,7,42000000,42008576,6.293265676498413,540.9169075114588,0.39971354231238365,1360158378688512.0,7.7846248725064635,wikitext,wikitext-103-raw-v1,gpt2
tail_s1_L5_H2_E96_B128_T50000000,1,L5_H2_E96,5,2,96,128,5396352,8,50000000,50003968,6.19807550907135,491.80166193726495,0.4195597507059574,1619034076348416.0,9.26625394340473,wikitext,wikitext-103-raw-v1,gpt2
tail_s1_L6_H4_E112_B128_T12000000,1,L6_H4_E112,6,4,112,128,6555248,1,12000000,12009472,6.7855230331420895,884.9428203459935,0.19250178150832653,472350403854336.0,1.8320393065220415,wikitext,wikitext-103-raw-v1,gpt2
tail_s1_L6_H4_E112_B128_T16000000,1,L6_H4_E112,6,4,112,128,6555248,2,16000000,16007168,6.6458815574646,769.6082025275559,0.4646410681307316,629585736105984.0,2.441885951530743,wikitext,wikitext-103-raw-v1,gpt2
tail_s1_L6_H4_E112_B128_T20000000,1,L6_H4_E112,6,4,112,128,6555248,3,20000000,20004864,6.555348539352417,702.9941282463737,0.3581156153231859,786821068357632.0,3.0517325965394444,wikitext,wikitext-103-raw-v1,gpt2
tail_s1_L6_H4_E112_B128_T25000000,1,L6_H4_E112,6,4,112,128,6555248,4,25000000,25001984,6.4591405391693115,638.5120445839565,0.23786324448883533,983365233672192.0,3.814040902800321,wikitext,wikitext-103-raw-v1,gpt2
tail_s1_L6_H4_E112_B128_T30000000,1,L6_H4_E112,6,4,112,128,6555248,5,30000000,30015488,6.36948549747467,583.7574069539415,0.262484947219491,1180553806086144.0,4.5788485805571355,wikitext,wikitext-103-raw-v1,gpt2
tail_s1_L6_H4_E112_B128_T36000000,1,L6_H4_E112,6,4,112,128,6555248,6,36000000,36012032,6.295807361602783,542.293496644948,0.25567974522709846,1416406804463616.0,5.493618548070187,wikitext,wikitext-103-raw-v1,gpt2
tail_s1_L6_H4_E112_B128_T42000000,1,L6_H4_E112,6,4,112,128,6555248,7,42000000,42008576,6.20632312297821,495.87462518990674,0.3412305973470211,1652259802841088.0,6.40838851558324,wikitext,wikitext-103-raw-v1,gpt2
tail_s1_L6_H4_E112_B128_T50000000,1,L6_H4_E112,6,4,112,128,6555248,8,50000000,50003968,6.1240768194198605,456.72288089099465,0.31307924911379814,1966730467344384.0,7.628081805600642,wikitext,wikitext-103-raw-v1,gpt2
tail_s1_L7_H4_E128_B128_T12000000,1,L7_H4_E128,7,4,128,128,7837440,1,12000000,12009472,6.71788387298584,827.0654827670585,0.1315633524209261,564741097390080.0,1.5323207577984648,wikitext,wikitext-103-raw-v1,gpt2
tail_s1_L7_H4_E128_B128_T16000000,1,L7_H4_E128,7,4,128,128,7837440,2,16000000,16007168,6.586692857742309,725.3779705846588,0.16913868859410286,752731312619520.0,2.0423975175567533,wikitext,wikitext-103-raw-v1,gpt2
tail_s1_L7_H4_E128_B128_T20000000,1,L7_H4_E128,7,4,128,128,7837440,3,20000000,20004864,6.494149017333984,661.261263935211,0.19806866720318794,940721527848960.0,2.5524742773150417,wikitext,wikitext-103-raw-v1,gpt2
tail_s1_L7_H4_E128_B128_T25000000,1,L7_H4_E128,7,4,128,128,7837440,4,25000000,25001984,6.389610362052918,595.6244565784741,0.24125293642282486,1175709296885760.0,3.190070227012902,wikitext,wikitext-103-raw-v1,gpt2
tail_s1_L7_H4_E128_B128_T30000000,1,L7_H4_E128,7,4,128,128,7837440,5,30000000,30015488,6.308182740211487,549.0462819381004,0.21390581130981445,1411467517624320.0,3.829756655234362,wikitext,wikitext-103-raw-v1,gpt2
tail_s1_L7_H4_E128_B128_T36000000,1,L7_H4_E128,7,4,128,128,7837440,6,36000000,36012032,6.201571130752564,493.52382274727984,0.25823142752051353,1693452840468480.0,4.5948717948717945,wikitext,wikitext-103-raw-v1,gpt2
tail_s1_L7_H4_E128_B128_T42000000,1,L7_H4_E128,7,4,128,128,7837440,7,42000000,42008576,6.145928311347961,466.81279560008846,0.22482524812221527,1975438163312640.0,5.3599869345092275,wikitext,wikitext-103-raw-v1,gpt2
tail_s1_L7_H4_E128_B128_T50000000,1,L7_H4_E128,7,4,128,128,7837440,8,50000000,50003968,6.05891478061676,427.91080768979333,0.2627329211682081,2351418593771520.0,6.380140454025804,wikitext,wikitext-103-raw-v1,gpt2
tail_s2_L2_H2_E48_B128_T12000000,2,L2_H2_E48,2,2,48,128,2475120,1,12000000,12009472,7.223460984230042,1371.2266514322077,0.18374256044626236,178349306019840.0,4.852076666989883,wikitext,wikitext-103-raw-v1,gpt2
tail_s2_L2_H2_E48_B128_T16000000,2,L2_H2_E48,2,2,48,128,2475120,2,16000000,16007168,7.066969227790833,1172.5887938210653,0.16300217434763908,237717969960960.0,6.4672290636413585,wikitext,wikitext-103-raw-v1,gpt2
tail_s2_L2_H2_E48_B128_T20000000,2,L2_H2_E48,2,2,48,128,2475120,3,20000000,20004864,6.930172562599182,1022.6704390661195,0.3660467229783535,297086633902080.0,8.082381460292835,wikitext,wikitext-103-raw-v1,gpt2
tail_s2_L2_H2_E48_B128_T25000000,2,L2_H2_E48,2,2,48,128,2475120,4,25000000,25001984,6.829051184654236,924.3133935585112,0.30939471907913685,371297463828480.0,10.101321956107178,wikitext,wikitext-103-raw-v1,gpt2
tail_s2_L2_H2_E48_B128_T30000000,2,L2_H2_E48,2,2,48,128,2475120,5,30000000,30015488,6.743640303611755,848.6444430615704,0.6381656192243099,445751607951360.0,12.12688192895698,wikitext,wikitext-103-raw-v1,gpt2
tail_s2_L2_H2_E48_B128_T36000000,2,L2_H2_E48,2,2,48,128,2475120,6,36000000,36012032,6.6517836332321165,774.1639193183449,0.5990985557436943,534804603863040.0,14.549610523934193,wikitext,wikitext-103-raw-v1,gpt2
tail_s2_L2_H2_E48_B128_T42000000,2,L2_H2_E48,2,2,48,128,2475120,7,42000000,42008576,6.595139193534851,731.5307039484876,0.5115086250007153,623857599774720.0,16.972339118911407,wikitext,wikitext-103-raw-v1,gpt2
tail_s2_L2_H2_E48_B128_T50000000,2,L2_H2_E48,2,2,48,128,2475120,8,50000000,50003968,6.534115505218506,688.2247838049504,1.0391540005803108,742594927656960.0,20.202643912214356,wikitext,wikitext-103-raw-v1,gpt2
tail_s2_L3_H2_E64_B128_T12000000,2,L3_H2_E64,3,2,64,128,3374720,1,12000000,12009472,7.026945161819458,1126.5838169115063,0.2768712379038334,243171632087040.0,3.55865731082875,wikitext,wikitext-103-raw-v1,gpt2
tail_s2_L3_H2_E64_B128_T16000000,2,L3_H2_E64,3,2,64,128,3374720,2,16000000,16007168,6.885404443740844,977.8970940987926,0.2183632142841816,324118259957760.0,4.743258107339275,wikitext,wikitext-103-raw-v1,gpt2
tail_s2_L3_H2_E64_B128_T20000000,2,L3_H2_E64,3,2,64,128,3374720,3,20000000,20004864,6.77948694229126,879.61731387433,0.36178048700094223,405064887828480.0,5.927858903849801,wikitext,wikitext-103-raw-v1,gpt2
tail_s2_L3_H2_E64_B128_T25000000,2,L3_H2_E64,3,2,64,128,3374720,4,25000000,25001984,6.680144906044006,796.4345118290577,0.35680992528796196,506248172666880.0,7.408609899487957,wikitext,wikitext-103-raw-v1,gpt2
tail_s2_L3_H2_E64_B128_T30000000,2,L3_H2_E64,3,2,64,128,3374720,5,30000000,30015488,6.5883152961730955,726.5558069060687,0.41029371693730354,607763205980160.0,8.894215816423289,wikitext,wikitext-103-raw-v1,gpt2
tail_s2_L3_H2_E64_B128_T36000000,2,L3_H2_E64,3,2,64,128,3374720,6,36000000,36012032,6.524256014823914,681.4725795045666,0.5225512832403183,729183147786240.0,10.671117011189077,wikitext,wikitext-103-raw-v1,gpt2
tail_s2_L3_H2_E64_B128_T42000000,2,L3_H2_E64,3,2,64,128,3374720,7,42000000,42008576,6.472704648971558,647.2318968906773,0.4998268261551857,850603089592320.0,12.448018205954865,wikitext,wikitext-103-raw-v1,gpt2
tail_s2_L3_H2_E64_B128_T50000000,2,L3_H2_E64,3,2,64,128,3374720,8,50000000,50003968,6.379517459869385,589.643112535168,0.4923265725374222,1012496345333760.0,14.817219798975914,wikitext,wikitext-103-raw-v1,gpt2
tail_s2_L4_H2_E80_B128_T12000000,2,L4_H2_E80,4,2,80,128,4342320,1,12000000,12009472,6.92337007522583,1015.7373441974761,0.17947987280786037,312893822730240.0,2.7656810184417546,wikitext,wikitext-103-raw-v1,gpt2
tail_s2_L4_H2_E80_B128_T16000000,2,L4_H2_E80,4,2,80,128,4342320,2,16000000,16007168,6.788181495666504,887.2985375757157,0.21007871069014072,417049474498560.0,3.6863169918384644,wikitext,wikitext-103-raw-v1,gpt2
tail_s2_L4_H2_E80_B128_T20000000,2,L4_H2_E80,4,2,80,128,4342320,3,20000000,20004864,6.707597279548645,818.6014043015991,0.2629352640360594,521205126266880.0,4.606952965235174,wikitext,wikitext-103-raw-v1,gpt2
tail_s2_L4_H2_E80_B128_T25000000,2,L4_H2_E80,4,2,80,128,4342320,4,25000000,25001984,6.589433264732361,727.3685276682227,0.31470649875700474,651399690977280.0,5.7577479319810605,wikitext,wikitext-103-raw-v1,gpt2
tail_s2_L4_H2_E80_B128_T30000000,2,L4_H2_E80,4,2,80,128,4342320,5,30000000,30015488,6.502202892303467,666.6084834921054,0.33116042613983154,782021123112960.0,6.912315996978574,wikitext,wikitext-103-raw-v1,gpt2
tail_s2_L4_H2_E80_B128_T36000000,2,L4_H2_E80,4,2,80,128,4342320,6,36000000,36012032,6.420470571517944,614.2921144953265,0.45856406912207603,938254600765440.0,8.293269957073639,wikitext,wikitext-103-raw-v1,gpt2
tail_s2_L4_H2_E80_B128_T42000000,2,L4_H2_E80,4,2,80,128,4342320,7,42000000,42008576,6.362671995162964,579.7934939125057,0.5635314844548702,1094488078417920.0,9.674223917168703,wikitext,wikitext-103-raw-v1,gpt2
tail_s2_L4_H2_E80_B128_T50000000,2,L4_H2_E80,4,2,80,128,4342320,8,50000000,50003968,6.26164059638977,524.0780357341007,0.4449327141046524,1302799381954560.0,11.515495863962121,wikitext,wikitext-103-raw-v1,gpt2
tail_s2_L5_H2_E96_B128_T12000000,2,L5_H2_E96,5,2,96,128,5396352,1,12000000,12009472,6.826182651519775,921.6657691770898,0.3051290027797222,388844029476864.0,2.2254797314926824,wikitext,wikitext-103-raw-v1,gpt2
tail_s2_L5_H2_E96_B128_T16000000,2,L5_H2_E96,5,2,96,128,5396352,2,16000000,16007168,6.696727132797241,809.7512751514173,0.28709619492292404,518281878306816.0,2.9662942669418153,wikitext,wikitext-103-raw-v1,gpt2
tail_s2_L5_H2_E96_B128_T20000000,2,L5_H2_E96,5,2,96,128,5396352,3,20000000,20004864,6.599996185302734,735.0923850817128,0.258879529312253,647719727136768.0,3.7071088023909486,wikitext,wikitext-103-raw-v1,gpt2
tail_s2_L5_H2_E96_B128_T25000000,2,L5_H2_E96,5,2,96,128,5396352,4,25000000,25001984,6.496019983291626,662.4996193483119,0.3161333203315735,809517038174208.0,4.633126971702365,wikitext,wikitext-103-raw-v1,gpt2
tail_s2_L5_H2_E96_B128_T30000000,2,L5_H2_E96,5,2,96,128,5396352,5,30000000,30015488,6.420720410346985,614.445607691383,0.3842729739844799,971844832198656.0,5.562181266159064,wikitext,wikitext-103-raw-v1,gpt2
tail_s2_L5_H2_E96_B128_T36000000,2,L5_H2_E96,5,2,96,128,5396352,6,36000000,36012032,6.34072515964508,567.2074782563847,0.5915381461381912,1166001605443584.0,6.673403069332764,wikitext,wikitext-103-raw-v1,gpt2
tail_s2_L5_H2_E96_B128_T42000000,2,L5_H2_E96,5,2,96,128,5396352,7,42000000,42008576,6.24614646434784,516.0204850216123,0.47288383916020393,1360158378688512.0,7.7846248725064635,wikitext,wikitext-103-raw-v1,gpt2
tail_s2_L5_H2_E96_B128_T50000000,2,L5_H2_E96,5,2,96,128,5396352,8,50000000,50003968,6.168445944786072,477.4435556095308,0.6548542641103268,1619034076348416.0,9.26625394340473,wikitext,wikitext-103-raw-v1,gpt2
tail_s2_L6_H4_E112_B128_T12000000,2,L6_H4_E112,6,4,112,128,6555248,1,12000000,12009472,6.7690505027771,870.4849784062993,0.14379234984517097,472350403854336.0,1.8320393065220415,wikitext,wikitext-103-raw-v1,gpt2
tail_s2_L6_H4_E112_B128_T16000000,2,L6_H4_E112,6,4,112,128,6555248,2,16000000,16007168,6.615939712524414,746.9062778414274,0.1858568862080574,629585736105984.0,2.441885951530743,wikitext,wikitext-103-raw-v1,gpt2
tail_s2_L6_H4_E112_B128_T20000000,2,L6_H4_E112,6,4,112,128,6555248,3,20000000,20004864,6.536244320869446,689.6914480711087,0.2530562784522772,786821068357632.0,3.0517325965394444,wikitext,wikitext-103-raw-v1,gpt2
tail_s2_L6_H4_E112_B128_T25000000,2,L6_H4_E112,6,4,112,128,6555248,4,25000000,25001984,6.427315616607666,618.5113958283965,0.24297676980495453,983365233672192.0,3.814040902800321,wikitext,wikitext-103-raw-v1,gpt2
tail_s2_L6_H4_E112_B128_T30000000,2,L6_H4_E112,6,4,112,128,6555248,5,30000000,30015488,6.325325965881348,558.5398489288548,0.2601893078535795,1180553806086144.0,4.5788485805571355,wikitext,wikitext-103-raw-v1,gpt2
tail_s2_L6_H4_E112_B128_T36000000,2,L6_H4_E112,6,4,112,128,6555248,6,36000000,36012032,6.253320646286011,519.7358211784183,0.34622158482670784,1416406804463616.0,5.493618548070187,wikitext,wikitext-103-raw-v1,gpt2
tail_s2_L6_H4_E112_B128_T42000000,2,L6_H4_E112,6,4,112,128,6555248,7,42000000,42008576,6.18124144077301,483.59193460211276,0.3383296802639961,1652259802841088.0,6.40838851558324,wikitext,wikitext-103-raw-v1,gpt2
tail_s2_L6_H4_E112_B128_T50000000,2,L6_H4_E112,6,4,112,128,6555248,8,50000000,50003968,6.090879607200622,441.80985941362474,0.3370361849665642,1966730467344384.0,7.628081805600642,wikitext,wikitext-103-raw-v1,gpt2
tail_s2_L7_H4_E128_B128_T12000000,2,L7_H4_E128,7,4,128,128,7837440,1,12000000,12009472,6.719851350784301,828.6943175649972,0.15452951192855835,564741097390080.0,1.5323207577984648,wikitext,wikitext-103-raw-v1,gpt2
tail_s2_L7_H4_E128_B128_T16000000,2,L7_H4_E128,7,4,128,128,7837440,2,16000000,16007168,6.566714191436768,711.0296931414505,0.18180407769978046,752731312619520.0,2.0423975175567533,wikitext,wikitext-103-raw-v1,gpt2
tail_s2_L7_H4_E128_B128_T20000000,2,L7_H4_E128,7,4,128,128,7837440,3,20000000,20004864,6.472304344177246,646.9728587098925,0.17741002142429352,940721527848960.0,2.5524742773150417,wikitext,wikitext-103-raw-v1,gpt2
tail_s2_L7_H4_E128_B128_T25000000,2,L7_H4_E128,7,4,128,128,7837440,4,25000000,25001984,6.372978234291077,585.7998827799344,0.2021197248250246,1175709296885760.0,3.190070227012902,wikitext,wikitext-103-raw-v1,gpt2
tail_s2_L7_H4_E128_B128_T30000000,2,L7_H4_E128,7,4,128,128,7837440,5,30000000,30015488,6.263771891593933,525.1961918754174,0.2233435232192278,1411467517624320.0,3.829756655234362,wikitext,wikitext-103-raw-v1,gpt2
tail_s2_L7_H4_E128_B128_T36000000,2,L7_H4_E128,7,4,128,128,7837440,6,36000000,36012032,6.185277247428894,485.54756176267335,0.24405104666948318,1693452840468480.0,4.5948717948717945,wikitext,wikitext-103-raw-v1,gpt2
tail_s2_L7_H4_E128_B128_T42000000,2,L7_H4_E128,7,4,128,128,7837440,7,42000000,42008576,6.127208542823792,458.15545266461584,0.25918084383010864,1975438163312640.0,5.3599869345092275,wikitext,wikitext-103-raw-v1,gpt2
tail_s2_L7_H4_E128_B128_T50000000,2,L7_H4_E128,7,4,128,128,7837440,8,50000000,50003968,6.014312958717346,409.2445743902172,0.2736254669725895,2351418593771520.0,6.380140454025804,wikitext,wikitext-103-raw-v1,gpt2
tail_s3_L2_H2_E48_B128_T12000000,3,L2_H2_E48,2,2,48,128,2475120,1,12000000,12009472,7.225815105438232,1374.458487748248,0.1039306903257966,178349306019840.0,4.852076666989883,wikitext,wikitext-103-raw-v1,gpt2
tail_s3_L2_H2_E48_B128_T16000000,3,L2_H2_E48,2,2,48,128,2475120,2,16000000,16007168,7.0938193798065186,1204.4994673119108,0.2170771323144436,237717969960960.0,6.4672290636413585,wikitext,wikitext-103-raw-v1,gpt2
tail_s3_L2_H2_E48_B128_T20000000,3,L2_H2_E48,2,2,48,128,2475120,3,20000000,20004864,6.949051761627198,1042.1610424084397,0.32345428690314293,297086633902080.0,8.082381460292835,wikitext,wikitext-103-raw-v1,gpt2
tail_s3_L2_H2_E48_B128_T25000000,3,L2_H2_E48,2,2,48,128,2475120,4,25000000,25001984,6.857619976997375,951.1007299781236,0.35858509317040443,371297463828480.0,10.101321956107178,wikitext,wikitext-103-raw-v1,gpt2
tail_s3_L2_H2_E48_B128_T30000000,3,L2_H2_E48,2,2,48,128,2475120,5,30000000,30015488,6.762984299659729,865.2204237895871,0.41515615954995155,445751607951360.0,12.12688192895698,wikitext,wikitext-103-raw-v1,gpt2
tail_s3_L2_H2_E48_B128_T36000000,3,L2_H2_E48,2,2,48,128,2475120,6,36000000,36012032,6.688755702972412,803.3220587542951,0.3725413605570793,534804603863040.0,14.549610523934193,wikitext,wikitext-103-raw-v1,gpt2
tail_s3_L2_H2_E48_B128_T42000000,3,L2_H2_E48,2,2,48,128,2475120,7,42000000,42008576,6.614882683753967,746.1171935328008,0.4597485437989235,623857599774720.0,16.972339118911407,wikitext,wikitext-103-raw-v1,gpt2
tail_s3_L2_H2_E48_B128_T50000000,3,L2_H2_E48,2,2,48,128,2475120,8,50000000,50003968,6.557915902137756,704.8012880343031,0.5687318593263626,742594927656960.0,20.202643912214356,wikitext,wikitext-103-raw-v1,gpt2
tail_s3_L3_H2_E64_B128_T12000000,3,L3_H2_E64,3,2,64,128,3374720,1,12000000,12009472,7.047626280784607,1150.1254251806831,0.24683848582208157,243171632087040.0,3.55865731082875,wikitext,wikitext-103-raw-v1,gpt2
tail_s3_L3_H2_E64_B128_T16000000,3,L3_H2_E64,3,2,64,128,3374720,2,16000000,16007168,6.916919994354248,1009.206839964328,0.2611440569162369,324118259957760.0,4.743258107339275,wikitext,wikitext-103-raw-v1,gpt2
tail_s3_L3_H2_E64_B128_T20000000,3,L3_H2_E64,3,2,64,128,3374720,3,20000000,20004864,6.806939864158631,904.0999009244872,0.3674081303179264,405064887828480.0,5.927858903849801,wikitext,wikitext-103-raw-v1,gpt2
tail_s3_L3_H2_E64_B128_T25000000,3,L3_H2_E64,3,2,64,128,3374720,4,25000000,25001984,6.692286729812622,806.1636243749047,0.4056260697543621,506248172666880.0,7.408609899487957,wikitext,wikitext-103-raw-v1,gpt2
tail_s3_L3_H2_E64_B128_T30000000,3,L3_H2_E64,3,2,64,128,3374720,5,30000000,30015488,6.612559962272644,744.3861822066324,0.42205216735601425,607763205980160.0,8.894215816423289,wikitext,wikitext-103-raw-v1,gpt2
tail_s3_L3_H2_E64_B128_T36000000,3,L3_H2_E64,3,2,64,128,3374720,6,36000000,36012032,6.547987866401672,697.8386156799118,0.4184126555919647,729183147786240.0,10.671117011189077,wikitext,wikitext-103-raw-v1,gpt2
tail_s3_L3_H2_E64_B128_T42000000,3,L3_H2_E64,3,2,64,128,3374720,7,42000000,42008576,6.4760924816131595,649.4283287085746,0.7640126571059227,850603089592320.0,12.448018205954865,wikitext,wikitext-103-raw-v1,gpt2
tail_s3_L3_H2_E64_B128_T50000000,3,L3_H2_E64,3,2,64,128,3374720,8,50000000,50003968,6.399590420722961,601.5985850910023,0.5393984913825989,1012496345333760.0,14.817219798975914,wikitext,wikitext-103-raw-v1,gpt2
tail_s3_L4_H2_E80_B128_T12000000,3,L4_H2_E80,4,2,80,128,4342320,1,12000000,12009472,6.926903176307678,1019.332394004624,0.19705230928957462,312893822730240.0,2.7656810184417546,wikitext,wikitext-103-raw-v1,gpt2
tail_s3_L4_H2_E80_B128_T16000000,3,L4_H2_E80,4,2,80,128,4342320,2,16000000,16007168,6.788268971443176,887.3761580993385,0.2987366858869791,417049474498560.0,3.6863169918384644,wikitext,wikitext-103-raw-v1,gpt2
tail_s3_L4_H2_E80_B128_T20000000,3,L4_H2_E80,4,2,80,128,4342320,3,20000000,20004864,6.692978191375732,806.7212483002755,0.2823683973401785,521205126266880.0,4.606952965235174,wikitext,wikitext-103-raw-v1,gpt2
tail_s3_L4_H2_E80_B128_T25000000,3,L4_H2_E80,4,2,80,128,4342320,4,25000000,25001984,6.588497829437256,726.6884396136703,0.357867743819952,651399690977280.0,5.7577479319810605,wikitext,wikitext-103-raw-v1,gpt2
tail_s3_L4_H2_E80_B128_T30000000,3,L4_H2_E80,4,2,80,128,4342320,5,30000000,30015488,6.517285871505737,676.739133520157,0.3721863776445389,782021123112960.0,6.912315996978574,wikitext,wikitext-103-raw-v1,gpt2
tail_s3_L4_H2_E80_B128_T36000000,3,L4_H2_E80,4,2,80,128,4342320,6,36000000,36012032,6.42325747013092,616.0064720979985,0.4366583526134491,938254600765440.0,8.293269957073639,wikitext,wikitext-103-raw-v1,gpt2
tail_s3_L4_H2_E80_B128_T42000000,3,L4_H2_E80,4,2,80,128,4342320,7,42000000,42008576,6.360257482528686,578.3952638974919,0.4685679003596306,1094488078417920.0,9.674223917168703,wikitext,wikitext-103-raw-v1,gpt2
tail_s3_L4_H2_E80_B128_T50000000,3,L4_H2_E80,4,2,80,128,4342320,8,50000000,50003968,6.284401106834411,536.143102028685,0.46339717507362366,1302799381954560.0,11.515495863962121,wikitext,wikitext-103-raw-v1,gpt2
tail_s3_L5_H2_E96_B128_T12000000,3,L5_H2_E96,5,2,96,128,5396352,1,12000000,12009472,6.856591796875,950.1233296710722,0.20303678512573242,388844029476864.0,2.2254797314926824,wikitext,wikitext-103-raw-v1,gpt2
tail_s3_L5_H2_E96_B128_T16000000,3,L5_H2_E96,5,2,96,128,5396352,2,16000000,16007168,6.716488933563232,825.9125808212045,0.2520270887762308,518281878306816.0,2.9662942669418153,wikitext,wikitext-103-raw-v1,gpt2
tail_s3_L5_H2_E96_B128_T20000000,3,L5_H2_E96,5,2,96,128,5396352,3,20000000,20004864,6.6091423511505125,741.8465020027867,0.2698796223849058,647719727136768.0,3.7071088023909486,wikitext,wikitext-103-raw-v1,gpt2
tail_s3_L5_H2_E96_B128_T25000000,3,L5_H2_E96,5,2,96,128,5396352,4,25000000,25001984,6.507396960258484,670.0799008391344,0.3141649551689625,809517038174208.0,4.633126971702365,wikitext,wikitext-103-raw-v1,gpt2
tail_s3_L5_H2_E96_B128_T30000000,3,L5_H2_E96,5,2,96,128,5396352,5,30000000,30015488,6.414183926582337,610.4423916839817,0.32146595790982246,971844832198656.0,5.562181266159064,wikitext,wikitext-103-raw-v1,gpt2
tail_s3_L5_H2_E96_B128_T36000000,3,L5_H2_E96,5,2,96,128,5396352,6,36000000,36012032,6.339256024360656,566.374785555374,0.5958268530666828,1166001605443584.0,6.673403069332764,wikitext,wikitext-103-raw-v1,gpt2
tail_s3_L5_H2_E96_B128_T42000000,3,L5_H2_E96,5,2,96,128,5396352,7,42000000,42008576,6.249192571640014,517.5947352342157,0.4121573008596897,1360158378688512.0,7.7846248725064635,wikitext,wikitext-103-raw-v1,gpt2
tail_s3_L5_H2_E96_B128_T50000000,3,L5_H2_E96,5,2,96,128,5396352,8,50000000,50003968,6.172245335578919,479.2610006645314,0.749014288187027,1619034076348416.0,9.26625394340473,wikitext,wikitext-103-raw-v1,gpt2
tail_s3_L6_H4_E112_B128_T12000000,3,L6_H4_E112,6,4,112,128,6555248,1,12000000,12009472,6.78350179195404,883.1559439308903,0.1817669328302145,472350403854336.0,1.8320393065220415,wikitext,wikitext-103-raw-v1,gpt2
tail_s3_L6_H4_E112_B128_T16000000,3,L6_H4_E112,6,4,112,128,6555248,2,16000000,16007168,6.641636538505554,766.3481255566618,0.1809785608202219,629585736105984.0,2.441885951530743,wikitext,wikitext-103-raw-v1,gpt2
tail_s3_L6_H4_E112_B128_T20000000,3,L6_H4_E112,6,4,112,128,6555248,3,20000000,20004864,6.538015460968017,690.9140706487581,0.36269839480519295,786821068357632.0,3.0517325965394444,wikitext,wikitext-103-raw-v1,gpt2
tail_s3_L6_H4_E112_B128_T25000000,3,L6_H4_E112,6,4,112,128,6555248,4,25000000,25001984,6.425300359725952,617.2661916061485,0.238330302760005,983365233672192.0,3.814040902800321,wikitext,wikitext-103-raw-v1,gpt2
tail_s3_L6_H4_E112_B128_T30000000,3,L6_H4_E112,6,4,112,128,6555248,5,30000000,30015488,6.345311331748962,569.8147635298593,0.3133317865431309,1180553806086144.0,4.5788485805571355,wikitext,wikitext-103-raw-v1,gpt2
tail_s3_L6_H4_E112_B128_T36000000,3,L6_H4_E112,6,4,112,128,6555248,6,36000000,36012032,6.258787631988525,522.5849905697369,0.6530593484640121,1416406804463616.0,5.493618548070187,wikitext,wikitext-103-raw-v1,gpt2
tail_s3_L6_H4_E112_B128_T42000000,3,L6_H4_E112,6,4,112,128,6555248,7,42000000,42008576,6.199290561676025,492.39959001105456,0.3232015371322632,1652259802841088.0,6.40838851558324,wikitext,wikitext-103-raw-v1,gpt2
tail_s3_L6_H4_E112_B128_T50000000,3,L6_H4_E112,6,4,112,128,6555248,8,50000000,50003968,6.1207520961761475,455.20692517598224,0.3598821945488453,1966730467344384.0,7.628081805600642,wikitext,wikitext-103-raw-v1,gpt2
tail_s3_L7_H4_E128_B128_T12000000,3,L7_H4_E128,7,4,128,128,7837440,1,12000000,12009472,6.716419410705567,825.8551630143521,0.16591554321348667,564741097390080.0,1.5323207577984648,wikitext,wikitext-103-raw-v1,gpt2
tail_s3_L7_H4_E128_B128_T16000000,3,L7_H4_E128,7,4,128,128,7837440,2,16000000,16007168,6.589422798156738,727.3609146503632,0.17714102566242218,752731312619520.0,2.0423975175567533,wikitext,wikitext-103-raw-v1,gpt2
tail_s3_L7_H4_E128_B128_T20000000,3,L7_H4_E128,7,4,128,128,7837440,3,20000000,20004864,6.4865946769714355,656.284692303764,0.20431453734636307,940721527848960.0,2.5524742773150417,wikitext,wikitext-103-raw-v1,gpt2
tail_s3_L7_H4_E128_B128_T25000000,3,L7_H4_E128,7,4,128,128,7837440,4,25000000,25001984,6.379057002067566,589.3716692625947,0.21564860455691814,1175709296885760.0,3.190070227012902,wikitext,wikitext-103-raw-v1,gpt2
tail_s3_L7_H4_E128_B128_T30000000,3,L7_H4_E128,7,4,128,128,7837440,5,30000000,30015488,6.290121531486511,539.2188571719662,0.2246524803340435,1411467517624320.0,3.829756655234362,wikitext,wikitext-103-raw-v1,gpt2
tail_s3_L7_H4_E128_B128_T36000000,3,L7_H4_E128,7,4,128,128,7837440,6,36000000,36012032,6.1964325428009035,490.994311801083,0.28386728651821613,1693452840468480.0,4.5948717948717945,wikitext,wikitext-103-raw-v1,gpt2
tail_s3_L7_H4_E128_B128_T42000000,3,L7_H4_E128,7,4,128,128,7837440,7,42000000,42008576,6.1412697553634645,464.6431796200351,0.25210476852953434,1975438163312640.0,5.3599869345092275,wikitext,wikitext-103-raw-v1,gpt2
tail_s3_L7_H4_E128_B128_T50000000,3,L7_H4_E128,7,4,128,128,7837440,8,50000000,50003968,6.043838262557983,421.5077915484385,0.2845611535012722,2351418593771520.0,6.380140454025804,wikitext,wikitext-103-raw-v1,gpt2
tail_s4_L2_H2_E48_B128_T12000000,4,L2_H2_E48,2,2,48,128,2475120,1,12000000,12009472,7.2521833896636965,1411.1826485717158,0.10714593902230263,178349306019840.0,4.852076666989883,wikitext,wikitext-103-raw-v1,gpt2
tail_s4_L2_H2_E48_B128_T16000000,4,L2_H2_E48,2,2,48,128,2475120,2,16000000,16007168,7.096647787094116,1207.911104859021,0.2664140071719885,237717969960960.0,6.4672290636413585,wikitext,wikitext-103-raw-v1,gpt2
tail_s4_L2_H2_E48_B128_T20000000,4,L2_H2_E48,2,2,48,128,2475120,3,20000000,20004864,6.970080542564392,1064.3084692194586,0.2601981367915869,297086633902080.0,8.082381460292835,wikitext,wikitext-103-raw-v1,gpt2
tail_s4_L2_H2_E48_B128_T25000000,4,L2_H2_E48,2,2,48,128,2475120,4,25000000,25001984,6.853230261802674,946.9348189231935,0.5328261852264404,371297463828480.0,10.101321956107178,wikitext,wikitext-103-raw-v1,gpt2
tail_s4_L2_H2_E48_B128_T30000000,4,L2_H2_E48,2,2,48,128,2475120,5,30000000,30015488,6.762169528007507,864.5157538268976,0.4589609168469906,445751607951360.0,12.12688192895698,wikitext,wikitext-103-raw-v1,gpt2
tail_s4_L2_H2_E48_B128_T36000000,4,L2_H2_E48,2,2,48,128,2475120,6,36000000,36012032,6.707642579078675,818.6384874004124,0.5186463221907616,534804603863040.0,14.549610523934193,wikitext,wikitext-103-raw-v1,gpt2
tail_s4_L2_H2_E48_B128_T42000000,4,L2_H2_E48,2,2,48,128,2475120,7,42000000,42008576,6.6318495035171505,758.8844329253808,0.46645400673151016,623857599774720.0,16.972339118911407,wikitext,wikitext-103-raw-v1,gpt2
tail_s4_L2_H2_E48_B128_T50000000,4,L2_H2_E48,2,2,48,128,2475120,8,50000000,50003968,6.581035470962524,721.2858132164919,0.45066624507308006,742594927656960.0,20.202643912214356,wikitext,wikitext-103-raw-v1,gpt2
tail_s4_L3_H2_E64_B128_T12000000,4,L3_H2_E64,3,2,64,128,3374720,1,12000000,12009472,7.066612887382507,1172.1710274894103,0.2885924894362688,243171632087040.0,3.55865731082875,wikitext,wikitext-103-raw-v1,gpt2
tail_s4_L3_H2_E64_B128_T16000000,4,L3_H2_E64,3,2,64,128,3374720,2,16000000,16007168,6.910311579704285,1002.5595708447172,0.3468988947570324,324118259957760.0,4.743258107339275,wikitext,wikitext-103-raw-v1,gpt2
tail_s4_L3_H2_E64_B128_T20000000,4,L3_H2_E64,3,2,64,128,3374720,3,20000000,20004864,6.8126894474029545,909.3130709823649,0.287599029019475,405064887828480.0,5.927858903849801,wikitext,wikitext-103-raw-v1,gpt2
tail_s4_L3_H2_E64_B128_T25000000,4,L3_H2_E64,3,2,64,128,3374720,4,25000000,25001984,6.703618454933166,815.3508039565977,0.3111514151096344,506248172666880.0,7.408609899487957,wikitext,wikitext-103-raw-v1,gpt2
tail_s4_L3_H2_E64_B128_T30000000,4,L3_H2_E64,3,2,64,128,3374720,5,30000000,30015488,6.620688104629517,750.4613153908139,0.39119071513414383,607763205980160.0,8.894215816423289,wikitext,wikitext-103-raw-v1,gpt2
tail_s4_L3_H2_E64_B128_T36000000,4,L3_H2_E64,3,2,64,128,3374720,6,36000000,36012032,6.5355449438095095,689.2092623283713,0.7217196151614189,729183147786240.0,10.671117011189077,wikitext,wikitext-103-raw-v1,gpt2
tail_s4_L3_H2_E64_B128_T42000000,4,L3_H2_E64,3,2,64,128,3374720,7,42000000,42008576,6.477003073692321,650.0199623282431,1.0694984123110771,850603089592320.0,12.448018205954865,wikitext,wikitext-103-raw-v1,gpt2
tail_s4_L3_H2_E64_B128_T50000000,4,L3_H2_E64,3,2,64,128,3374720,8,50000000,50003968,6.412785077095032,609.5890716296525,0.7026355266571045,1012496345333760.0,14.817219798975914,wikitext,wikitext-103-raw-v1,gpt2
tail_s4_L4_H2_E80_B128_T12000000,4,L4_H2_E80,4,2,80,128,4342320,1,12000000,12009472,6.956487679481507,1049.9393498981376,0.2385842315852642,312893822730240.0,2.7656810184417546,wikitext,wikitext-103-raw-v1,gpt2
tail_s4_L4_H2_E80_B128_T16000000,4,L4_H2_E80,4,2,80,128,4342320,2,16000000,16007168,6.822958445549011,918.6989143467513,0.2688290122896433,417049474498560.0,3.6863169918384644,wikitext,wikitext-103-raw-v1,gpt2
tail_s4_L4_H2_E80_B128_T20000000,4,L4_H2_E80,4,2,80,128,4342320,3,20000000,20004864,6.706031465530396,817.3206297364499,0.2473015896975994,521205126266880.0,4.606952965235174,wikitext,wikitext-103-raw-v1,gpt2
tail_s4_L4_H2_E80_B128_T25000000,4,L4_H2_E80,4,2,80,128,4342320,4,25000000,25001984,6.618689465522766,748.962911940425,0.26623132824897766,651399690977280.0,5.7577479319810605,wikitext,wikitext-103-raw-v1,gpt2
tail_s4_L4_H2_E80_B128_T30000000,4,L4_H2_E80,4,2,80,128,4342320,5,30000000,30015488,6.5373191118240355,690.4331207010736,0.3361692763864994,782021123112960.0,6.912315996978574,wikitext,wikitext-103-raw-v1,gpt2
tail_s4_L4_H2_E80_B128_T36000000,4,L4_H2_E80,4,2,80,128,4342320,6,36000000,36012032,6.440425014495849,626.6730883659468,0.42964716255664825,938254600765440.0,8.293269957073639,wikitext,wikitext-103-raw-v1,gpt2
tail_s4_L4_H2_E80_B128_T42000000,4,L4_H2_E80,4,2,80,128,4342320,7,42000000,42008576,6.380920886993408,590.4712146273424,0.38893193006515503,1094488078417920.0,9.674223917168703,wikitext,wikitext-103-raw-v1,gpt2
tail_s4_L4_H2_E80_B128_T50000000,4,L4_H2_E80,4,2,80,128,4342320,8,50000000,50003968,6.3089937448501585,549.4917416301198,0.3965948112308979,1302799381954560.0,11.515495863962121,wikitext,wikitext-103-raw-v1,gpt2
tail_s4_L5_H2_E96_B128_T12000000,4,L5_H2_E96,5,2,96,128,5396352,1,12000000,12009472,6.867717337608338,960.7529861726122,0.18714535422623158,388844029476864.0,2.2254797314926824,wikitext,wikitext-103-raw-v1,gpt2
tail_s4_L5_H2_E96_B128_T16000000,4,L5_H2_E96,5,2,96,128,5396352,2,16000000,16007168,6.725613403320312,833.4830810631262,0.263472406193614,518281878306816.0,2.9662942669418153,wikitext,wikitext-103-raw-v1,gpt2
tail_s4_L5_H2_E96_B128_T20000000,4,L5_H2_E96,5,2,96,128,5396352,3,20000000,20004864,6.622884893417359,752.1117325393907,0.30396426282823086,647719727136768.0,3.7071088023909486,wikitext,wikitext-103-raw-v1,gpt2
tail_s4_L5_H2_E96_B128_T25000000,4,L5_H2_E96,5,2,96,128,5396352,4,25000000,25001984,6.5188227891922,677.7800255413717,0.29671019315719604,809517038174208.0,4.633126971702365,wikitext,wikitext-103-raw-v1,gpt2
tail_s4_L5_H2_E96_B128_T30000000,4,L5_H2_E96,5,2,96,128,5396352,5,30000000,30015488,6.448236608505249,631.5875741020014,0.6617616936564445,971844832198656.0,5.562181266159064,wikitext,wikitext-103-raw-v1,gpt2
tail_s4_L5_H2_E96_B128_T36000000,4,L5_H2_E96,5,2,96,128,5396352,6,36000000,36012032,6.362754607200623,579.841393812986,0.3438853695988655,1166001605443584.0,6.673403069332764,wikitext,wikitext-103-raw-v1,gpt2
tail_s4_L5_H2_E96_B128_T42000000,4,L5_H2_E96,5,2,96,128,5396352,7,42000000,42008576,6.284596705436707,536.2479811268403,0.45473188534379005,1360158378688512.0,7.7846248725064635,wikitext,wikitext-103-raw-v1,gpt2
tail_s4_L5_H2_E96_B128_T50000000,4,L5_H2_E96,5,2,96,128,5396352,8,50000000,50003968,6.2000446796417235,492.77105743570934,0.4609617553651333,1619034076348416.0,9.26625394340473,wikitext,wikitext-103-raw-v1,gpt2
tail_s4_L6_H4_E112_B128_T12000000,4,L6_H4_E112,6,4,112,128,6555248,1,12000000,12009472,6.783781838417053,883.4033032637136,0.1597361359745264,472350403854336.0,1.8320393065220415,wikitext,wikitext-103-raw-v1,gpt2
tail_s4_L6_H4_E112_B128_T16000000,4,L6_H4_E112,6,4,112,128,6555248,2,16000000,16007168,6.65931339263916,780.0151890531953,0.19237656332552433,629585736105984.0,2.441885951530743,wikitext,wikitext-103-raw-v1,gpt2
tail_s4_L6_H4_E112_B128_T20000000,4,L6_H4_E112,6,4,112,128,6555248,3,20000000,20004864,6.575928425788879,717.6115642489633,0.19671415351331234,786821068357632.0,3.0517325965394444,wikitext,wikitext-103-raw-v1,gpt2
tail_s4_L6_H4_E112_B128_T25000000,4,L6_H4_E112,6,4,112,128,6555248,4,25000000,25001984,6.468691730499268,644.6398124460359,0.26050853356719017,983365233672192.0,3.814040902800321,wikitext,wikitext-103-raw-v1,gpt2
tail_s4_L6_H4_E112_B128_T30000000,4,L6_H4_E112,6,4,112,128,6555248,5,30000000,30015488,6.397367691993713,600.2628796378114,0.47769680619239807,1180553806086144.0,4.5788485805571355,wikitext,wikitext-103-raw-v1,gpt2
tail_s4_L6_H4_E112_B128_T36000000,4,L6_H4_E112,6,4,112,128,6555248,6,36000000,36012032,6.287295603752137,537.6972146870723,0.30688828602433205,1416406804463616.0,5.493618548070187,wikitext,wikitext-103-raw-v1,gpt2
tail_s4_L6_H4_E112_B128_T42000000,4,L6_H4_E112,6,4,112,128,6555248,7,42000000,42008576,6.207440447807312,496.42898786467066,0.5421554408967495,1652259802841088.0,6.40838851558324,wikitext,wikitext-103-raw-v1,gpt2
tail_s4_L6_H4_E112_B128_T50000000,4,L6_H4_E112,6,4,112,128,6555248,8,50000000,50003968,6.116470122337342,453.2619082587847,0.32117918878793716,1966730467344384.0,7.628081805600642,wikitext,wikitext-103-raw-v1,gpt2
tail_s4_L7_H4_E128_B128_T12000000,4,L7_H4_E128,7,4,128,128,7837440,1,12000000,12009472,6.741021752357483,846.4251310500027,0.1556877549737692,564741097390080.0,1.5323207577984648,wikitext,wikitext-103-raw-v1,gpt2
tail_s4_L7_H4_E128_B128_T16000000,4,L7_H4_E128,7,4,128,128,7837440,2,16000000,16007168,6.598134112358093,733.7248630476671,0.2207194548100233,752731312619520.0,2.0423975175567533,wikitext,wikitext-103-raw-v1,gpt2
tail_s4_L7_H4_E128_B128_T20000000,4,L7_H4_E128,7,4,128,128,7837440,3,20000000,20004864,6.494927930831909,661.776529907104,0.19112476706504822,940721527848960.0,2.5524742773150417,wikitext,wikitext-103-raw-v1,gpt2
tail_s4_L7_H4_E128_B128_T25000000,4,L7_H4_E128,7,4,128,128,7837440,4,25000000,25001984,6.3963731050491335,599.6661628069821,0.23042053543031216,1175709296885760.0,3.190070227012902,wikitext,wikitext-103-raw-v1,gpt2
tail_s4_L7_H4_E128_B128_T30000000,4,L7_H4_E128,7,4,128,128,7837440,5,30000000,30015488,6.2950681209564205,541.8927593888536,0.22300287149846554,1411467517624320.0,3.829756655234362,wikitext,wikitext-103-raw-v1,gpt2
tail_s4_L7_H4_E128_B128_T36000000,4,L7_H4_E128,7,4,128,128,7837440,6,36000000,36012032,6.210080027580261,497.7410827074254,0.3568435497581959,1693452840468480.0,4.5948717948717945,wikitext,wikitext-103-raw-v1,gpt2
tail_s4_L7_H4_E128_B128_T42000000,4,L7_H4_E128,7,4,128,128,7837440,7,42000000,42008576,6.157945036888123,472.4561965339607,0.2494672518223524,1975438163312640.0,5.3599869345092275,wikitext,wikitext-103-raw-v1,gpt2
tail_s4_L7_H4_E128_B128_T50000000,4,L7_H4_E128,7,4,128,128,7837440,8,50000000,50003968,6.057987713813782,427.5142896131204,0.28503317199647427,2351418593771520.0,6.380140454025804,wikitext,wikitext-103-raw-v1,gpt2
tail_s5_L2_H2_E48_B128_T12000000,5,L2_H2_E48,2,2,48,128,2475120,1,12000000,12009472,7.20444622039795,1345.3994279447115,0.20039204508066177,178349306019840.0,4.852076666989883,wikitext,wikitext-103-raw-v1,gpt2
tail_s5_L2_H2_E48_B128_T16000000,5,L2_H2_E48,2,2,48,128,2475120,2,16000000,16007168,7.046125030517578,1148.40009447964,0.26298028230667114,237717969960960.0,6.4672290636413585,wikitext,wikitext-103-raw-v1,gpt2
tail_s5_L2_H2_E48_B128_T20000000,5,L2_H2_E48,2,2,48,128,2475120,3,20000000,20004864,6.930562591552734,1023.0693879430459,0.4249911643564701,297086633902080.0,8.082381460292835,wikitext,wikitext-103-raw-v1,gpt2
tail_s5_L2_H2_E48_B128_T25000000,5,L2_H2_E48,2,2,48,128,2475120,4,25000000,25001984,6.839681458473206,934.1915085391281,0.45052221417427063,371297463828480.0,10.101321956107178,wikitext,wikitext-103-raw-v1,gpt2
tail_s5_L2_H2_E48_B128_T30000000,5,L2_H2_E48,2,2,48,128,2475120,5,30000000,30015488,6.749518728256225,853.6478270699681,1.0094298124313354,445751607951360.0,12.12688192895698,wikitext,wikitext-103-raw-v1,gpt2
tail_s5_L2_H2_E48_B128_T36000000,5,L2_H2_E48,2,2,48,128,2475120,6,36000000,36012032,6.685039210319519,800.3420592282572,0.6041604019701481,534804603863040.0,14.549610523934193,wikitext,wikitext-103-raw-v1,gpt2
tail_s5_L2_H2_E48_B128_T42000000,5,L2_H2_E48,2,2,48,128,2475120,7,42000000,42008576,6.6252737760543825,753.9105869689433,1.4165191054344177,623857599774720.0,16.972339118911407,wikitext,wikitext-103-raw-v1,gpt2
tail_s5_L2_H2_E48_B128_T50000000,5,L2_H2_E48,2,2,48,128,2475120,8,50000000,50003968,6.54341242313385,694.6529880704785,0.8294105380773544,742594927656960.0,20.202643912214356,wikitext,wikitext-103-raw-v1,gpt2
tail_s5_L3_H2_E64_B128_T12000000,5,L3_H2_E64,3,2,64,128,3374720,1,12000000,12009472,7.054355549812317,1157.8910276923984,0.21047604084014893,243171632087040.0,3.55865731082875,wikitext,wikitext-103-raw-v1,gpt2
tail_s5_L3_H2_E64_B128_T16000000,5,L3_H2_E64,3,2,64,128,3374720,2,16000000,16007168,6.911491346359253,1003.7430551764255,0.2622423265129328,324118259957760.0,4.743258107339275,wikitext,wikitext-103-raw-v1,gpt2
tail_s5_L3_H2_E64_B128_T20000000,5,L3_H2_E64,3,2,64,128,3374720,3,20000000,20004864,6.793677401542664,892.1884718231099,0.32314374297857285,405064887828480.0,5.927858903849801,wikitext,wikitext-103-raw-v1,gpt2
tail_s5_L3_H2_E64_B128_T25000000,5,L3_H2_E64,3,2,64,128,3374720,4,25000000,25001984,6.691831922531128,805.7970586531613,0.36141110956668854,506248172666880.0,7.408609899487957,wikitext,wikitext-103-raw-v1,gpt2
tail_s5_L3_H2_E64_B128_T30000000,5,L3_H2_E64,3,2,64,128,3374720,5,30000000,30015488,6.618560147285462,748.8660636391073,0.43115590140223503,607763205980160.0,8.894215816423289,wikitext,wikitext-103-raw-v1,gpt2
tail_s5_L3_H2_E64_B128_T36000000,5,L3_H2_E64,3,2,64,128,3374720,6,36000000,36012032,6.538177967071533,691.0263575256479,0.44985243678092957,729183147786240.0,10.671117011189077,wikitext,wikitext-103-raw-v1,gpt2
tail_s5_L3_H2_E64_B128_T42000000,5,L3_H2_E64,3,2,64,128,3374720,7,42000000,42008576,6.467596054077148,643.9338826087412,0.5643435008823872,850603089592320.0,12.448018205954865,wikitext,wikitext-103-raw-v1,gpt2
tail_s5_L3_H2_E64_B128_T50000000,5,L3_H2_E64,3,2,64,128,3374720,8,50000000,50003968,6.389855742454529,595.7706290800388,0.5809087790548801,1012496345333760.0,14.817219798975914,wikitext,wikitext-103-raw-v1,gpt2
tail_s5_L4_H2_E80_B128_T12000000,5,L4_H2_E80,4,2,80,128,4342320,1,12000000,12009472,6.918437528610229,1010.7395085597598,0.33445659279823303,312893822730240.0,2.7656810184417546,wikitext,wikitext-103-raw-v1,gpt2
tail_s5_L4_H2_E80_B128_T16000000,5,L4_H2_E80,4,2,80,128,4342320,2,16000000,16007168,6.788074922561646,887.2039804543425,0.32546509988605976,417049474498560.0,3.6863169918384644,wikitext,wikitext-103-raw-v1,gpt2
tail_s5_L4_H2_E80_B128_T20000000,5,L4_H2_E80,4,2,80,128,4342320,3,20000000,20004864,6.695886087417603,809.0705238942728,0.264576131477952,521205126266880.0,4.606952965235174,wikitext,wikitext-103-raw-v1,gpt2
tail_s5_L4_H2_E80_B128_T25000000,5,L4_H2_E80,4,2,80,128,4342320,4,25000000,25001984,6.603277277946472,737.5082524738883,0.6997738406062126,651399690977280.0,5.7577479319810605,wikitext,wikitext-103-raw-v1,gpt2
tail_s5_L4_H2_E80_B128_T30000000,5,L4_H2_E80,4,2,80,128,4342320,5,30000000,30015488,6.5269690990448,683.323982377293,0.48572465777397156,782021123112960.0,6.912315996978574,wikitext,wikitext-103-raw-v1,gpt2
tail_s5_L4_H2_E80_B128_T36000000,5,L4_H2_E80,4,2,80,128,4342320,6,36000000,36012032,6.412704801559448,609.5401385045338,0.4300258569419384,938254600765440.0,8.293269957073639,wikitext,wikitext-103-raw-v1,gpt2
tail_s5_L4_H2_E80_B128_T42000000,5,L4_H2_E80,4,2,80,128,4342320,7,42000000,42008576,6.369692993164063,583.8785466670848,0.4652633108198643,1094488078417920.0,9.674223917168703,wikitext,wikitext-103-raw-v1,gpt2
tail_s5_L4_H2_E80_B128_T50000000,5,L4_H2_E80,4,2,80,128,4342320,8,50000000,50003968,6.264236259460449,525.440132745308,0.497087262570858,1302799381954560.0,11.515495863962121,wikitext,wikitext-103-raw-v1,gpt2
tail_s5_L5_H2_E96_B128_T12000000,5,L5_H2_E96,5,2,96,128,5396352,1,12000000,12009472,6.835302495956421,930.1096625875016,0.37125131487846375,388844029476864.0,2.2254797314926824,wikitext,wikitext-103-raw-v1,gpt2
tail_s5_L5_H2_E96_B128_T16000000,5,L5_H2_E96,5,2,96,128,5396352,2,16000000,16007168,6.714794683456421,824.5144630579557,0.22889511473476887,518281878306816.0,2.9662942669418153,wikitext,wikitext-103-raw-v1,gpt2
tail_s5_L5_H2_E96_B128_T20000000,5,L5_H2_E96,5,2,96,128,5396352,3,20000000,20004864,6.618293929100036,748.6667284090278,0.252212667837739,647719727136768.0,3.7071088023909486,wikitext,wikitext-103-raw-v1,gpt2
tail_s5_L5_H2_E96_B128_T25000000,5,L5_H2_E96,5,2,96,128,5396352,4,25000000,25001984,6.50451009273529,668.1482584747871,0.31120579689741135,809517038174208.0,4.633126971702365,wikitext,wikitext-103-raw-v1,gpt2
tail_s5_L5_H2_E96_B128_T30000000,5,L5_H2_E96,5,2,96,128,5396352,5,30000000,30015488,6.4387973070144655,625.6538776051493,0.3589651621878147,971844832198656.0,5.562181266159064,wikitext,wikitext-103-raw-v1,gpt2
tail_s5_L5_H2_E96_B128_T36000000,5,L5_H2_E96,5,2,96,128,5396352,6,36000000,36012032,6.329403018951416,560.8216939755584,0.5357172973453999,1166001605443584.0,6.673403069332764,wikitext,wikitext-103-raw-v1,gpt2
tail_s5_L5_H2_E96_B128_T42000000,5,L5_H2_E96,5,2,96,128,5396352,7,42000000,42008576,6.272215867042542,529.6497118704979,0.3983759358525276,1360158378688512.0,7.7846248725064635,wikitext,wikitext-103-raw-v1,gpt2
tail_s5_L5_H2_E96_B128_T50000000,5,L5_H2_E96,5,2,96,128,5396352,8,50000000,50003968,6.190772795677185,488.2232572880443,0.44362417608499527,1619034076348416.0,9.26625394340473,wikitext,wikitext-103-raw-v1,gpt2
tail_s5_L6_H4_E112_B128_T12000000,5,L6_H4_E112,6,4,112,128,6555248,1,12000000,12009472,6.778835606575012,879.044574244311,0.15043540112674236,472350403854336.0,1.8320393065220415,wikitext,wikitext-103-raw-v1,gpt2
tail_s5_L6_H4_E112_B128_T16000000,5,L6_H4_E112,6,4,112,128,6555248,2,16000000,16007168,6.63786039352417,763.4597408402608,0.31648080237209797,629585736105984.0,2.441885951530743,wikitext,wikitext-103-raw-v1,gpt2
tail_s5_L6_H4_E112_B128_T20000000,5,L6_H4_E112,6,4,112,128,6555248,3,20000000,20004864,6.529702377319336,685.1942517918045,0.2551630549132824,786821068357632.0,3.0517325965394444,wikitext,wikitext-103-raw-v1,gpt2
tail_s5_L6_H4_E112_B128_T25000000,5,L6_H4_E112,6,4,112,128,6555248,4,25000000,25001984,6.451605987548828,633.719221185206,0.2519377563148737,983365233672192.0,3.814040902800321,wikitext,wikitext-103-raw-v1,gpt2
tail_s5_L6_H4_E112_B128_T30000000,5,L6_H4_E112,6,4,112,128,6555248,5,30000000,30015488,6.3457225322723385,570.0491198392666,0.3334662429988384,1180553806086144.0,4.5788485805571355,wikitext,wikitext-103-raw-v1,gpt2
tail_s5_L6_H4_E112_B128_T36000000,5,L6_H4_E112,6,4,112,128,6555248,6,36000000,36012032,6.240939688682556,513.340664783089,0.5551229566335678,1416406804463616.0,5.493618548070187,wikitext,wikitext-103-raw-v1,gpt2
tail_s5_L6_H4_E112_B128_T42000000,5,L6_H4_E112,6,4,112,128,6555248,7,42000000,42008576,6.189663195610047,487.681825171087,0.6670023836195469,1652259802841088.0,6.40838851558324,wikitext,wikitext-103-raw-v1,gpt2
tail_s5_L6_H4_E112_B128_T50000000,5,L6_H4_E112,6,4,112,128,6555248,8,50000000,50003968,6.085191416740417,439.30389474505455,0.40853993594646454,1966730467344384.0,7.628081805600642,wikitext,wikitext-103-raw-v1,gpt2
tail_s5_L7_H4_E128_B128_T12000000,5,L7_H4_E128,7,4,128,128,7837440,1,12000000,12009472,6.713955760002136,823.8230485989537,0.1443320931866765,564741097390080.0,1.5323207577984648,wikitext,wikitext-103-raw-v1,gpt2
tail_s5_L7_H4_E128_B128_T16000000,5,L7_H4_E128,7,4,128,128,7837440,2,16000000,16007168,6.5785219192504885,719.4751006389955,0.1761458795517683,752731312619520.0,2.0423975175567533,wikitext,wikitext-103-raw-v1,gpt2
tail_s5_L7_H4_E128_B128_T20000000,5,L7_H4_E128,7,4,128,128,7837440,3,20000000,20004864,6.487211418151856,656.689574940651,0.2166199628263712,940721527848960.0,2.5524742773150417,wikitext,wikitext-103-raw-v1,gpt2
tail_s5_L7_H4_E128_B128_T25000000,5,L7_H4_E128,7,4,128,128,7837440,4,25000000,25001984,6.378254055976868,588.8986255245171,0.2300125528126955,1175709296885760.0,3.190070227012902,wikitext,wikitext-103-raw-v1,gpt2
tail_s5_L7_H4_E128_B128_T30000000,5,L7_H4_E128,7,4,128,128,7837440,5,30000000,30015488,6.285952067375183,536.9752839980205,0.25385106913745403,1411467517624320.0,3.829756655234362,wikitext,wikitext-103-raw-v1,gpt2
tail_s5_L7_H4_E128_B128_T36000000,5,L7_H4_E128,7,4,128,128,7837440,6,36000000,36012032,6.207404255867004,496.41102146149626,0.3112583477050066,1693452840468480.0,4.5948717948717945,wikitext,wikitext-103-raw-v1,gpt2
tail_s5_L7_H4_E128_B128_T42000000,5,L7_H4_E128,7,4,128,128,7837440,7,42000000,42008576,6.135313367843628,461.8838108767374,0.303866621106863,1975438163312640.0,5.3599869345092275,wikitext,wikitext-103-raw-v1,gpt2
tail_s5_L7_H4_E128_B128_T50000000,5,L7_H4_E128,7,4,128,128,7837440,8,50000000,50003968,6.035718941688538,418.0992906212102,0.27894048392772675,2351418593771520.0,6.380140454025804,wikitext,wikitext-103-raw-v1,gpt2
tail_s6_L2_H2_E48_B128_T12000000,6,L2_H2_E48,2,2,48,128,2475120,1,12000000,12009472,7.21959617137909,1365.9373447222226,0.10671718511730433,178349306019840.0,4.852076666989883,wikitext,wikitext-103-raw-v1,gpt2
tail_s6_L2_H2_E48_B128_T16000000,6,L2_H2_E48,2,2,48,128,2475120,2,16000000,16007168,7.087078332901001,1196.4071857737063,0.29584894329309464,237717969960960.0,6.4672290636413585,wikitext,wikitext-103-raw-v1,gpt2
tail_s6_L2_H2_E48_B128_T20000000,6,L2_H2_E48,2,2,48,128,2475120,3,20000000,20004864,6.956336879730225,1049.781031242819,0.2587528806179762,297086633902080.0,8.082381460292835,wikitext,wikitext-103-raw-v1,gpt2
tail_s6_L2_H2_E48_B128_T25000000,6,L2_H2_E48,2,2,48,128,2475120,4,25000000,25001984,6.844584321975708,938.782968443804,0.44086384773254395,371297463828480.0,10.101321956107178,wikitext,wikitext-103-raw-v1,gpt2
tail_s6_L2_H2_E48_B128_T30000000,6,L2_H2_E48,2,2,48,128,2475120,5,30000000,30015488,6.763087272644043,865.3095227060257,0.3101400062441826,445751607951360.0,12.12688192895698,wikitext,wikitext-103-raw-v1,gpt2
tail_s6_L2_H2_E48_B128_T36000000,6,L2_H2_E48,2,2,48,128,2475120,6,36000000,36012032,6.694872856140137,808.2511635046733,0.4216648191213608,534804603863040.0,14.549610523934193,wikitext,wikitext-103-raw-v1,gpt2
tail_s6_L2_H2_E48_B128_T42000000,6,L2_H2_E48,2,2,48,128,2475120,7,42000000,42008576,6.627662968635559,755.713978016607,0.46631475910544395,623857599774720.0,16.972339118911407,wikitext,wikitext-103-raw-v1,gpt2
tail_s6_L2_H2_E48_B128_T50000000,6,L2_H2_E48,2,2,48,128,2475120,8,50000000,50003968,6.556339240074157,703.6909301406844,0.546228215098381,742594927656960.0,20.202643912214356,wikitext,wikitext-103-raw-v1,gpt2
tail_s6_L3_H2_E64_B128_T12000000,6,L3_H2_E64,3,2,64,128,3374720,1,12000000,12009472,7.046015620231628,1148.2744545701933,0.2692129723727703,243171632087040.0,3.55865731082875,wikitext,wikitext-103-raw-v1,gpt2
tail_s6_L3_H2_E64_B128_T16000000,6,L3_H2_E64,3,2,64,128,3374720,2,16000000,16007168,6.897263932228088,989.5634954671613,0.3186974413692951,324118259957760.0,4.743258107339275,wikitext,wikitext-103-raw-v1,gpt2
tail_s6_L3_H2_E64_B128_T20000000,6,L3_H2_E64,3,2,64,128,3374720,3,20000000,20004864,6.781147122383118,881.0788498980927,0.3046657331287861,405064887828480.0,5.927858903849801,wikitext,wikitext-103-raw-v1,gpt2
tail_s6_L3_H2_E64_B128_T25000000,6,L3_H2_E64,3,2,64,128,3374720,4,25000000,25001984,6.675244665145874,792.5413373981496,0.42501674965023994,506248172666880.0,7.408609899487957,wikitext,wikitext-103-raw-v1,gpt2
tail_s6_L3_H2_E64_B128_T30000000,6,L3_H2_E64,3,2,64,128,3374720,5,30000000,30015488,6.616416501998901,747.2624798030558,0.38631944730877876,607763205980160.0,8.894215816423289,wikitext,wikitext-103-raw-v1,gpt2
tail_s6_L3_H2_E64_B128_T36000000,6,L3_H2_E64,3,2,64,128,3374720,6,36000000,36012032,6.538810300827026,691.4634549986257,0.535718958824873,729183147786240.0,10.671117011189077,wikitext,wikitext-103-raw-v1,gpt2
tail_s6_L3_H2_E64_B128_T42000000,6,L3_H2_E64,3,2,64,128,3374720,7,42000000,42008576,6.469711589813232,645.2975897260404,0.4443276599049568,850603089592320.0,12.448018205954865,wikitext,wikitext-103-raw-v1,gpt2
tail_s6_L3_H2_E64_B128_T50000000,6,L3_H2_E64,3,2,64,128,3374720,8,50000000,50003968,6.402481007575989,603.340073801469,0.5256499797105789,1012496345333760.0,14.817219798975914,wikitext,wikitext-103-raw-v1,gpt2
tail_s6_L4_H2_E80_B128_T12000000,6,L4_H2_E80,4,2,80,128,4342320,1,12000000,12009472,6.928576493263245,1021.0394880392466,0.20666896738111973,312893822730240.0,2.7656810184417546,wikitext,wikitext-103-raw-v1,gpt2
tail_s6_L4_H2_E80_B128_T16000000,6,L4_H2_E80,4,2,80,128,4342320,2,16000000,16007168,6.788569617271423,887.6429841474162,0.2172893788665533,417049474498560.0,3.6863169918384644,wikitext,wikitext-103-raw-v1,gpt2
tail_s6_L4_H2_E80_B128_T20000000,6,L4_H2_E80,4,2,80,128,4342320,3,20000000,20004864,6.666877031326294,785.9373102732449,0.2608428578823805,521205126266880.0,4.606952965235174,wikitext,wikitext-103-raw-v1,gpt2
tail_s6_L4_H2_E80_B128_T25000000,6,L4_H2_E80,4,2,80,128,4342320,4,25000000,25001984,6.593282008171082,730.173376626319,0.27175697684288025,651399690977280.0,5.7577479319810605,wikitext,wikitext-103-raw-v1,gpt2
tail_s6_L4_H2_E80_B128_T30000000,6,L4_H2_E80,4,2,80,128,4342320,5,30000000,30015488,6.498050808906555,663.846407628359,0.3876369893550873,782021123112960.0,6.912315996978574,wikitext,wikitext-103-raw-v1,gpt2
tail_s6_L4_H2_E80_B128_T36000000,6,L4_H2_E80,4,2,80,128,4342320,6,36000000,36012032,6.434953236579895,623.2534367198095,0.3697454631328583,938254600765440.0,8.293269957073639,wikitext,wikitext-103-raw-v1,gpt2
tail_s6_L4_H2_E80_B128_T42000000,6,L4_H2_E80,4,2,80,128,4342320,7,42000000,42008576,6.345962262153625,570.1857940288824,0.45323217287659645,1094488078417920.0,9.674223917168703,wikitext,wikitext-103-raw-v1,gpt2
tail_s6_L4_H2_E80_B128_T50000000,6,L4_H2_E80,4,2,80,128,4342320,8,50000000,50003968,6.260557842254639,523.5108951660832,0.5837764702737331,1302799381954560.0,11.515495863962121,wikitext,wikitext-103-raw-v1,gpt2
tail_s6_L5_H2_E96_B128_T12000000,6,L5_H2_E96,5,2,96,128,5396352,1,12000000,12009472,6.8385910272598265,933.1733921527682,0.1619850154966116,388844029476864.0,2.2254797314926824,wikitext,wikitext-103-raw-v1,gpt2
tail_s6_L5_H2_E96_B128_T16000000,6,L5_H2_E96,5,2,96,128,5396352,2,16000000,16007168,6.702408981323242,814.365254794374,0.21315543726086617,518281878306816.0,2.9662942669418153,wikitext,wikitext-103-raw-v1,gpt2
tail_s6_L5_H2_E96_B128_T20000000,6,L5_H2_E96,5,2,96,128,5396352,3,20000000,20004864,6.609000229835511,741.741077294119,0.2544928044080734,647719727136768.0,3.7071088023909486,wikitext,wikitext-103-raw-v1,gpt2
tail_s6_L5_H2_E96_B128_T25000000,6,L5_H2_E96,5,2,96,128,5396352,4,25000000,25001984,6.49449622631073,661.4908996455066,0.2548276986926794,809517038174208.0,4.633126971702365,wikitext,wikitext-103-raw-v1,gpt2
tail_s6_L5_H2_E96_B128_T30000000,6,L5_H2_E96,5,2,96,128,5396352,5,30000000,30015488,6.408930683135987,607.2439975174788,0.3300136923789978,971844832198656.0,5.562181266159064,wikitext,wikitext-103-raw-v1,gpt2
tail_s6_L5_H2_E96_B128_T36000000,6,L5_H2_E96,5,2,96,128,5396352,6,36000000,36012032,6.305718278884887,547.6948445763112,0.3785204216837883,1166001605443584.0,6.673403069332764,wikitext,wikitext-103-raw-v1,gpt2
tail_s6_L5_H2_E96_B128_T42000000,6,L5_H2_E96,5,2,96,128,5396352,7,42000000,42008576,6.270083403587341,528.5214566249682,0.4551829434931278,1360158378688512.0,7.7846248725064635,wikitext,wikitext-103-raw-v1,gpt2
tail_s6_L5_H2_E96_B128_T50000000,6,L5_H2_E96,5,2,96,128,5396352,8,50000000,50003968,6.180694651603699,483.3275840485021,0.42005134373903275,1619034076348416.0,9.26625394340473,wikitext,wikitext-103-raw-v1,gpt2
tail_s6_L6_H4_E112_B128_T12000000,6,L6_H4_E112,6,4,112,128,6555248,1,12000000,12009472,6.7568950891494755,859.9679225139033,0.15153516177088022,472350403854336.0,1.8320393065220415,wikitext,wikitext-103-raw-v1,gpt2
tail_s6_L6_H4_E112_B128_T16000000,6,L6_H4_E112,6,4,112,128,6555248,2,16000000,16007168,6.623363494873047,752.4717804622815,0.18093864619731903,629585736105984.0,2.441885951530743,wikitext,wikitext-103-raw-v1,gpt2
tail_s6_L6_H4_E112_B128_T20000000,6,L6_H4_E112,6,4,112,128,6555248,3,20000000,20004864,6.5243582963943485,681.5422851549473,0.2196253053843975,786821068357632.0,3.0517325965394444,wikitext,wikitext-103-raw-v1,gpt2
tail_s6_L6_H4_E112_B128_T25000000,6,L6_H4_E112,6,4,112,128,6555248,4,25000000,25001984,6.428863048553467,619.4692410301415,0.30320654436945915,983365233672192.0,3.814040902800321,wikitext,wikitext-103-raw-v1,gpt2
tail_s6_L6_H4_E112_B128_T30000000,6,L6_H4_E112,6,4,112,128,6555248,5,30000000,30015488,6.337648725509643,565.4651832105328,0.3922572210431099,1180553806086144.0,4.5788485805571355,wikitext,wikitext-103-raw-v1,gpt2
tail_s6_L6_H4_E112_B128_T36000000,6,L6_H4_E112,6,4,112,128,6555248,6,36000000,36012032,6.2472902059555055,516.6110167642266,0.28643833845853806,1416406804463616.0,5.493618548070187,wikitext,wikitext-103-raw-v1,gpt2
tail_s6_L6_H4_E112_B128_T42000000,6,L6_H4_E112,6,4,112,128,6555248,7,42000000,42008576,6.194581389427185,490.0862467674518,0.33992183208465576,1652259802841088.0,6.40838851558324,wikitext,wikitext-103-raw-v1,gpt2
tail_s6_L6_H4_E112_B128_T50000000,6,L6_H4_E112,6,4,112,128,6555248,8,50000000,50003968,6.100702142715454,446.17093579855594,1.469145379960537,1966730467344384.0,7.628081805600642,wikitext,wikitext-103-raw-v1,gpt2
tail_s6_L7_H4_E128_B128_T12000000,6,L7_H4_E128,7,4,128,128,7837440,1,12000000,12009472,6.699076724052429,811.6560965659503,0.16346690896898508,564741097390080.0,1.5323207577984648,wikitext,wikitext-103-raw-v1,gpt2
tail_s6_L7_H4_E128_B128_T16000000,6,L7_H4_E128,7,4,128,128,7837440,2,16000000,16007168,6.573397064208985,715.7973271197894,0.17561874352395535,752731312619520.0,2.0423975175567533,wikitext,wikitext-103-raw-v1,gpt2
tail_s6_L7_H4_E128_B128_T20000000,6,L7_H4_E128,7,4,128,128,7837440,3,20000000,20004864,6.468457055091858,644.4885490850072,0.21080046147108078,940721527848960.0,2.5524742773150417,wikitext,wikitext-103-raw-v1,gpt2
tail_s6_L7_H4_E128_B128_T25000000,6,L7_H4_E128,7,4,128,128,7837440,4,25000000,25001984,6.359007573127746,577.672773837307,0.4852834418416023,1175709296885760.0,3.190070227012902,wikitext,wikitext-103-raw-v1,gpt2
tail_s6_L7_H4_E128_B128_T30000000,6,L7_H4_E128,7,4,128,128,7837440,5,30000000,30015488,6.291211390495301,539.806850057635,0.2574969381093979,1411467517624320.0,3.829756655234362,wikitext,wikitext-103-raw-v1,gpt2
tail_s6_L7_H4_E128_B128_T36000000,6,L7_H4_E128,7,4,128,128,7837440,6,36000000,36012032,6.203301739692688,494.3786589673397,0.24464880116283894,1693452840468480.0,4.5948717948717945,wikitext,wikitext-103-raw-v1,gpt2
tail_s6_L7_H4_E128_B128_T42000000,6,L7_H4_E128,7,4,128,128,7837440,7,42000000,42008576,6.122606921195984,456.05203789581793,0.2763733845204115,1975438163312640.0,5.3599869345092275,wikitext,wikitext-103-raw-v1,gpt2
tail_s6_L7_H4_E128_B128_T50000000,6,L7_H4_E128,7,4,128,128,7837440,8,50000000,50003968,6.02299063205719,412.81131826008533,0.29500312730669975,2351418593771520.0,6.380140454025804,wikitext,wikitext-103-raw-v1,gpt2
tail_s7_L2_H2_E48_B128_T12000000,7,L2_H2_E48,2,2,48,128,2475120,1,12000000,12009472,7.22386417388916,1371.779627307959,0.10698557924479246,178349306019840.0,4.852076666989883,wikitext,wikitext-103-raw-v1,gpt2
tail_s7_L2_H2_E48_B128_T16000000,7,L2_H2_E48,2,2,48,128,2475120,2,16000000,16007168,7.083606743812561,1192.2609528149676,0.19308246858417988,237717969960960.0,6.4672290636413585,wikitext,wikitext-103-raw-v1,gpt2
tail_s7_L2_H2_E48_B128_T20000000,7,L2_H2_E48,2,2,48,128,2475120,3,20000000,20004864,6.9644105434417725,1058.2909170121159,0.32116506434977055,297086633902080.0,8.082381460292835,wikitext,wikitext-103-raw-v1,gpt2
tail_s7_L2_H2_E48_B128_T25000000,7,L2_H2_E48,2,2,48,128,2475120,4,25000000,25001984,6.862057209014893,955.330361577669,0.30202118679881096,371297463828480.0,10.101321956107178,wikitext,wikitext-103-raw-v1,gpt2
tail_s7_L2_H2_E48_B128_T30000000,7,L2_H2_E48,2,2,48,128,2475120,5,30000000,30015488,6.775566625595093,876.1756859759971,0.40183010697364807,445751607951360.0,12.12688192895698,wikitext,wikitext-103-raw-v1,gpt2
tail_s7_L2_H2_E48_B128_T36000000,7,L2_H2_E48,2,2,48,128,2475120,6,36000000,36012032,6.701065921783448,813.2722479209972,0.4105338975787163,534804603863040.0,14.549610523934193,wikitext,wikitext-103-raw-v1,gpt2
tail_s7_L2_H2_E48_B128_T42000000,7,L2_H2_E48,2,2,48,128,2475120,7,42000000,42008576,6.6452779293060305,769.143785527135,0.42959119006991386,623857599774720.0,16.972339118911407,wikitext,wikitext-103-raw-v1,gpt2
tail_s7_L2_H2_E48_B128_T50000000,7,L2_H2_E48,2,2,48,128,2475120,8,50000000,50003968,6.576753258705139,718.2037180686532,0.7764362879097462,742594927656960.0,20.202643912214356,wikitext,wikitext-103-raw-v1,gpt2
tail_s7_L3_H2_E64_B128_T12000000,7,L3_H2_E64,3,2,64,128,3374720,1,12000000,12009472,7.030368804931641,1130.4474479094913,0.23978718742728233,243171632087040.0,3.55865731082875,wikitext,wikitext-103-raw-v1,gpt2
tail_s7_L3_H2_E64_B128_T16000000,7,L3_H2_E64,3,2,64,128,3374720,2,16000000,16007168,6.907502794265747,999.747547155194,0.3839030936360359,324118259957760.0,4.743258107339275,wikitext,wikitext-103-raw-v1,gpt2
tail_s7_L3_H2_E64_B128_T20000000,7,L3_H2_E64,3,2,64,128,3374720,3,20000000,20004864,6.805733847618103,903.0101987212021,0.2435348704457283,405064887828480.0,5.927858903849801,wikitext,wikitext-103-raw-v1,gpt2
tail_s7_L3_H2_E64_B128_T25000000,7,L3_H2_E64,3,2,64,128,3374720,4,25000000,25001984,6.70248498916626,814.4271552932514,0.4222767949104309,506248172666880.0,7.408609899487957,wikitext,wikitext-103-raw-v1,gpt2
tail_s7_L3_H2_E64_B128_T30000000,7,L3_H2_E64,3,2,64,128,3374720,5,30000000,30015488,6.6311369895935055,758.343909788482,0.6021626219153404,607763205980160.0,8.894215816423289,wikitext,wikitext-103-raw-v1,gpt2
tail_s7_L3_H2_E64_B128_T36000000,7,L3_H2_E64,3,2,64,128,3374720,6,36000000,36012032,6.561267399787903,707.1673906739117,0.410530436784029,729183147786240.0,10.671117011189077,wikitext,wikitext-103-raw-v1,gpt2
tail_s7_L3_H2_E64_B128_T42000000,7,L3_H2_E64,3,2,64,128,3374720,7,42000000,42008576,6.48462929725647,654.996110373447,0.5622368231415749,850603089592320.0,12.448018205954865,wikitext,wikitext-103-raw-v1,gpt2
tail_s7_L3_H2_E64_B128_T50000000,7,L3_H2_E64,3,2,64,128,3374720,8,50000000,50003968,6.415253424644471,611.0956078833981,0.6598457284271717,1012496345333760.0,14.817219798975914,wikitext,wikitext-103-raw-v1,gpt2
tail_s7_L4_H2_E80_B128_T12000000,7,L4_H2_E80,4,2,80,128,4342320,1,12000000,12009472,6.935875082015992,1028.5188967248782,0.2743068505078554,312893822730240.0,2.7656810184417546,wikitext,wikitext-103-raw-v1,gpt2
tail_s7_L4_H2_E80_B128_T16000000,7,L4_H2_E80,4,2,80,128,4342320,2,16000000,16007168,6.809765028953552,906.65774359791,0.2470480315387249,417049474498560.0,3.6863169918384644,wikitext,wikitext-103-raw-v1,gpt2
tail_s7_L4_H2_E80_B128_T20000000,7,L4_H2_E80,4,2,80,128,4342320,3,20000000,20004864,6.711375951766968,821.7004821982092,0.25095995515584946,521205126266880.0,4.606952965235174,wikitext,wikitext-103-raw-v1,gpt2
tail_s7_L4_H2_E80_B128_T25000000,7,L4_H2_E80,4,2,80,128,4342320,4,25000000,25001984,6.617145085334778,747.8071211775884,0.3177593816071749,651399690977280.0,5.7577479319810605,wikitext,wikitext-103-raw-v1,gpt2
tail_s7_L4_H2_E80_B128_T30000000,7,L4_H2_E80,4,2,80,128,4342320,5,30000000,30015488,6.52748053073883,683.6735453003312,0.35528530925512314,782021123112960.0,6.912315996978574,wikitext,wikitext-103-raw-v1,gpt2
tail_s7_L4_H2_E80_B128_T36000000,7,L4_H2_E80,4,2,80,128,4342320,6,36000000,36012032,6.443813610076904,628.8002320032901,0.5164248123764992,938254600765440.0,8.293269957073639,wikitext,wikitext-103-raw-v1,gpt2
tail_s7_L4_H2_E80_B128_T42000000,7,L4_H2_E80,4,2,80,128,4342320,7,42000000,42008576,6.3659385442733765,581.6905145029081,0.4284212291240692,1094488078417920.0,9.674223917168703,wikitext,wikitext-103-raw-v1,gpt2
tail_s7_L4_H2_E80_B128_T50000000,7,L4_H2_E80,4,2,80,128,4342320,8,50000000,50003968,6.326612496376038,559.2588899118999,0.6330111138522625,1302799381954560.0,11.515495863962121,wikitext,wikitext-103-raw-v1,gpt2
tail_s7_L5_H2_E96_B128_T12000000,7,L5_H2_E96,5,2,96,128,5396352,1,12000000,12009472,6.860424304008484,953.7716707908079,0.21576017700135708,388844029476864.0,2.2254797314926824,wikitext,wikitext-103-raw-v1,gpt2
tail_s7_L5_H2_E96_B128_T16000000,7,L5_H2_E96,5,2,96,128,5396352,2,16000000,16007168,6.741867351531982,847.1411701404597,0.1826304141432047,518281878306816.0,2.9662942669418153,wikitext,wikitext-103-raw-v1,gpt2
tail_s7_L5_H2_E96_B128_T20000000,7,L5_H2_E96,5,2,96,128,5396352,3,20000000,20004864,6.63241708278656,759.3152822563948,0.24821952916681767,647719727136768.0,3.7071088023909486,wikitext,wikitext-103-raw-v1,gpt2
tail_s7_L5_H2_E96_B128_T25000000,7,L5_H2_E96,5,2,96,128,5396352,4,25000000,25001984,6.532274508476258,686.9589297941127,0.33468667045235634,809517038174208.0,4.633126971702365,wikitext,wikitext-103-raw-v1,gpt2
tail_s7_L5_H2_E96_B128_T30000000,7,L5_H2_E96,5,2,96,128,5396352,5,30000000,30015488,6.453895258903503,635.171638299305,0.31372823379933834,971844832198656.0,5.562181266159064,wikitext,wikitext-103-raw-v1,gpt2
tail_s7_L5_H2_E96_B128_T36000000,7,L5_H2_E96,5,2,96,128,5396352,6,36000000,36012032,6.348407912254333,571.5819755633228,0.3335857130587101,1166001605443584.0,6.673403069332764,wikitext,wikitext-103-raw-v1,gpt2
tail_s7_L5_H2_E96_B128_T42000000,7,L5_H2_E96,5,2,96,128,5396352,7,42000000,42008576,6.290509462356567,539.4280773912468,0.37751974910497665,1360158378688512.0,7.7846248725064635,wikitext,wikitext-103-raw-v1,gpt2
tail_s7_L5_H2_E96_B128_T50000000,7,L5_H2_E96,5,2,96,128,5396352,8,50000000,50003968,6.201334834098816,493.4072184965595,0.38673844933509827,1619034076348416.0,9.26625394340473,wikitext,wikitext-103-raw-v1,gpt2
tail_s7_L6_H4_E112_B128_T12000000,7,L6_H4_E112,6,4,112,128,6555248,1,12000000,12009472,6.789152836799621,888.160825862861,0.158608328551054,472350403854336.0,1.8320393065220415,wikitext,wikitext-103-raw-v1,gpt2
tail_s7_L6_H4_E112_B128_T16000000,7,L6_H4_E112,6,4,112,128,6555248,2,16000000,16007168,6.669023537635804,787.6261415636964,0.23091908916831017,629585736105984.0,2.441885951530743,wikitext,wikitext-103-raw-v1,gpt2
tail_s7_L6_H4_E112_B128_T20000000,7,L6_H4_E112,6,4,112,128,6555248,3,20000000,20004864,6.564394068717957,709.3819292430268,0.2164462935179472,786821068357632.0,3.0517325965394444,wikitext,wikitext-103-raw-v1,gpt2
tail_s7_L6_H4_E112_B128_T25000000,7,L6_H4_E112,6,4,112,128,6555248,4,25000000,25001984,6.476456713676453,649.6649144121352,0.3219481725245714,983365233672192.0,3.814040902800321,wikitext,wikitext-103-raw-v1,gpt2
tail_s7_L6_H4_E112_B128_T30000000,7,L6_H4_E112,6,4,112,128,6555248,5,30000000,30015488,6.369337320327759,583.6709138551992,0.2529477421194315,1180553806086144.0,4.5788485805571355,wikitext,wikitext-103-raw-v1,gpt2
tail_s7_L6_H4_E112_B128_T36000000,7,L6_H4_E112,6,4,112,128,6555248,6,36000000,36012032,6.27127435207367,529.1512734189646,0.30905942991375923,1416406804463616.0,5.493618548070187,wikitext,wikitext-103-raw-v1,gpt2
tail_s7_L6_H4_E112_B128_T42000000,7,L6_H4_E112,6,4,112,128,6555248,7,42000000,42008576,6.217854070663452,501.6256230569466,0.33260882273316383,1652259802841088.0,6.40838851558324,wikitext,wikitext-103-raw-v1,gpt2
tail_s7_L6_H4_E112_B128_T50000000,7,L6_H4_E112,6,4,112,128,6555248,8,50000000,50003968,6.111270403861999,450.9111907711919,0.30574291199445724,1966730467344384.0,7.628081805600642,wikitext,wikitext-103-raw-v1,gpt2
tail_s7_L7_H4_E128_B128_T12000000,7,L7_H4_E128,7,4,128,128,7837440,1,12000000,12009472,6.761042952537537,863.5423599889938,0.1506212344393134,564741097390080.0,1.5323207577984648,wikitext,wikitext-103-raw-v1,gpt2
tail_s7_L7_H4_E128_B128_T16000000,7,L7_H4_E128,7,4,128,128,7837440,2,16000000,16007168,6.618989062309265,749.187332438201,0.15574394538998604,752731312619520.0,2.0423975175567533,wikitext,wikitext-103-raw-v1,gpt2
tail_s7_L7_H4_E128_B128_T20000000,7,L7_H4_E128,7,4,128,128,7837440,3,20000000,20004864,6.517015957832337,676.5564970238473,0.1847799140959978,940721527848960.0,2.5524742773150417,wikitext,wikitext-103-raw-v1,gpt2
tail_s7_L7_H4_E128_B128_T25000000,7,L7_H4_E128,7,4,128,128,7837440,4,25000000,25001984,6.404560494422912,604.5960169552096,0.2906908206641674,1175709296885760.0,3.190070227012902,wikitext,wikitext-103-raw-v1,gpt2
tail_s7_L7_H4_E128_B128_T30000000,7,L7_H4_E128,7,4,128,128,7837440,5,30000000,30015488,6.290172529220581,539.2463568130537,0.23227239027619362,1411467517624320.0,3.829756655234362,wikitext,wikitext-103-raw-v1,gpt2
tail_s7_L7_H4_E128_B128_T36000000,7,L7_H4_E128,7,4,128,128,7837440,6,36000000,36012032,6.233559393882752,509.5660055267018,0.2556797228753567,1693452840468480.0,4.5948717948717945,wikitext,wikitext-103-raw-v1,gpt2
tail_s7_L7_H4_E128_B128_T42000000,7,L7_H4_E128,7,4,128,128,7837440,7,42000000,42008576,6.152517604827881,469.89891862935434,0.24169552512466908,1975438163312640.0,5.3599869345092275,wikitext,wikitext-103-raw-v1,gpt2
tail_s7_L7_H4_E128_B128_T50000000,7,L7_H4_E128,7,4,128,128,7837440,8,50000000,50003968,6.042891120910644,421.10875296724527,0.2800860367715359,2351418593771520.0,6.380140454025804,wikitext,wikitext-103-raw-v1,gpt2
