run_name,seed,n_layer,n_head,n_embd,n_params,train_tokens_target,train_tokens_real,val_loss,val_ppl,mu_landscape,flops_estimate,d_over_n,dataset_name,dataset_config,tokenizer_name
s0_L2_H2_E128_T200000,0,2,2,128,13276672,200000,198656,7.696514463424682,2200.664113189839,0.0020106031734030694,15824943316992.0,0.014962785854768424,wikitext,wikitext-2-raw-v1,gpt2
s0_L2_H2_E128_T400000,0,2,2,128,13276672,400000,399360,7.304440546035766,1486.8878837957918,0.002998943586135283,31813030379520.0,0.03007982723381281,wikitext,wikitext-2-raw-v1,gpt2
s0_L2_H2_E128_T800000,0,2,2,128,13276672,800000,798720,7.06732714176178,1173.0085548472366,0.003344907599966973,63626060759040.0,0.06015965446762562,wikitext,wikitext-2-raw-v1,gpt2
s0_L4_H4_E192_T200000,0,4,4,192,21096192,200000,198656,7.357026267051697,1567.1692838413771,0.0034786464530043304,25145310707712.0,0.009416675767835257,wikitext,wikitext-2-raw-v1,gpt2
s0_L4_H4_E192_T400000,0,4,4,192,21096192,400000,399360,7.082597732543945,1191.058554797035,0.004097429773537442,50549851422720.0,0.01893043066729768,wikitext,wikitext-2-raw-v1,gpt2
s0_L4_H4_E192_T800000,0,4,4,192,21096192,800000,798720,6.876692914962769,969.415114567847,0.0056962480884976685,101099702845440.0,0.03786086133459536,wikitext,wikitext-2-raw-v1,gpt2
s0_L6_H8_E256_T200000,0,6,8,256,30489600,200000,198656,7.224997591972351,1373.3353085958145,0.004397597600473091,36341651865600.0,0.0065155331654072205,wikitext,wikitext-2-raw-v1,gpt2
s0_L6_H8_E256_T400000,0,6,8,256,30489600,400000,399360,6.995994567871094,1092.2494539183333,0.005695493659004569,73057959936000.0,0.01309823677581864,wikitext,wikitext-2-raw-v1,gpt2
s0_L6_H8_E256_T800000,0,6,8,256,30489600,800000,798720,6.735768222808838,841.9900716715374,0.008392741903662682,146115919872000.0,0.02619647355163728,wikitext,wikitext-2-raw-v1,gpt2
s1_L2_H2_E128_T200000,1,2,2,128,13276672,200000,198656,7.7100605249404905,2230.6772657087204,0.001835348448366858,15824943316992.0,0.014962785854768424,wikitext,wikitext-2-raw-v1,gpt2
s1_L2_H2_E128_T400000,1,2,2,128,13276672,400000,399360,7.364544820785523,1578.9965365144799,0.002778302557999268,31813030379520.0,0.03007982723381281,wikitext,wikitext-2-raw-v1,gpt2
s1_L2_H2_E128_T800000,1,2,2,128,13276672,800000,798720,7.055855679512024,1159.6293179164743,0.003416372899664566,63626060759040.0,0.06015965446762562,wikitext,wikitext-2-raw-v1,gpt2
s1_L4_H4_E192_T200000,1,4,4,192,21096192,200000,198656,7.376624751091003,1598.1863772420134,0.0034312221687287092,25145310707712.0,0.009416675767835257,wikitext,wikitext-2-raw-v1,gpt2
s1_L4_H4_E192_T400000,1,4,4,192,21096192,400000,399360,7.087571477890014,1196.9973334844233,0.004224912816425785,50549851422720.0,0.01893043066729768,wikitext,wikitext-2-raw-v1,gpt2
s1_L4_H4_E192_T800000,1,4,4,192,21096192,800000,798720,6.860726547241211,954.0599853922448,0.005924642493482679,101099702845440.0,0.03786086133459536,wikitext,wikitext-2-raw-v1,gpt2
s1_L6_H8_E256_T200000,1,6,8,256,30489600,200000,198656,7.208281064033509,1350.568729775374,0.0043984330259263515,36341651865600.0,0.0065155331654072205,wikitext,wikitext-2-raw-v1,gpt2
s1_L6_H8_E256_T400000,1,6,8,256,30489600,400000,399360,6.974679970741272,1069.2149544452625,0.0056071633589453995,73057959936000.0,0.01309823677581864,wikitext,wikitext-2-raw-v1,gpt2
s1_L6_H8_E256_T800000,1,6,8,256,30489600,800000,798720,6.7292990446090695,836.5606686783492,0.007648137223441154,146115919872000.0,0.02619647355163728,wikitext,wikitext-2-raw-v1,gpt2
s0_L2_H2_E96_T80000,0,2,2,96,9883776,80000,79872,9.708824968338012,16462.246846337577,0.0028772403893526644,4736621740032.0,0.008081122032713004,wikitext,wikitext-2-raw-v1,gpt2
s0_L2_H2_E96_T100000,0,2,2,96,9883776,100000,98304,9.311850261688232,11068.408646752436,0.0021938654826954007,5829688295424.0,0.009945996347954466,wikitext,wikitext-2-raw-v1,gpt2
s0_L2_H2_E96_T150000,0,2,2,96,9883776,150000,149504,8.52938666343689,5061.340577398628,0.0018002487340709195,8865984282624.0,0.01512620277918075,wikitext,wikitext-2-raw-v1,gpt2
s0_L2_H2_E96_T200000,0,2,2,96,9883776,200000,198656,8.051796531677246,3139.4299934564515,0.0016417477309005335,11780828430336.0,0.020099200953157984,wikitext,wikitext-2-raw-v1,gpt2
s0_L2_H2_E96_T300000,0,2,2,96,9883776,300000,299008,7.619831943511963,2038.2195650149267,0.0016476852906635031,17731968565248.0,0.0302524055583615,wikitext,wikitext-2-raw-v1,gpt2
s0_L2_H2_E96_T400000,0,2,2,96,9883776,400000,399360,7.507085251808166,1820.8983401964508,0.0018186351808253676,23683108700160.0,0.04040561016356502,wikitext,wikitext-2-raw-v1,gpt2
s0_L2_H2_E96_T600000,0,2,2,96,9883776,600000,598016,7.348077249526978,1553.2072249898179,0.0027104170876555145,35463937130496.0,0.060504811116723,wikitext,wikitext-2-raw-v1,gpt2
s0_L2_H2_E96_T800000,0,2,2,96,9883776,800000,798720,7.169566082954407,1299.2807004265223,0.0028169042780064046,47366217400320.0,0.08081122032713003,wikitext,wikitext-2-raw-v1,gpt2
s0_L2_H2_E128_T80000,0,2,2,128,13276672,80000,79872,9.134707403182983,9271.564394643849,0.0023918546503409743,6362606075904.0,0.0060159654467625626,wikitext,wikitext-2-raw-v1,gpt2
s0_L2_H2_E128_T100000,0,2,2,128,13276672,100000,98304,8.743922519683839,6272.4513346416425,0.0020963225688319653,7830899785728.0,0.00740426516524623,wikitext,wikitext-2-raw-v1,gpt2
s0_L2_H2_E128_T150000,0,2,2,128,13276672,150000,149504,8.006545162200927,3000.5328309645793,0.001992622812394984,11909493424128.0,0.011260653272145309,wikitext,wikitext-2-raw-v1,gpt2
s0_L2_H2_E128_T300000,0,2,2,128,13276672,300000,299008,7.462644577026367,1741.7481591735077,0.002315338933840394,23818986848256.0,0.022521306544290617,wikitext,wikitext-2-raw-v1,gpt2
s0_L2_H2_E128_T600000,0,2,2,128,13276672,600000,598016,7.1263368129730225,1244.310466089521,0.0034782896982505918,47637973696512.0,0.045042613088581235,wikitext,wikitext-2-raw-v1,gpt2
s0_L3_H4_E160_T80000,0,3,4,160,17026560,80000,79872,8.661349964141845,5775.3258852365,0.0022174569603521377,8159672401920.0,0.004691023906179522,wikitext,wikitext-2-raw-v1,gpt2
s0_L3_H4_E160_T100000,0,3,4,160,17026560,100000,98304,8.318451929092408,4098.809846013291,0.0022033636923879385,10042673725440.0,0.0057735678845286425,wikitext,wikitext-2-raw-v1,gpt2
s0_L3_H4_E160_T150000,0,3,4,160,17026560,150000,149504,7.7509454727172855,2323.768435965824,0.0021236789762042463,15273232957440.0,0.008780634491053978,wikitext,wikitext-2-raw-v1,gpt2
s0_L3_H4_E160_T200000,0,3,4,160,17026560,200000,198656,7.517593932151795,1840.1344749634839,0.0025314274535048753,20294569820160.0,0.011667418433318298,wikitext,wikitext-2-raw-v1,gpt2
s0_L3_H4_E160_T300000,0,3,4,160,17026560,300000,299008,7.3004783391952515,1481.0081824401611,0.003190560091752559,30546465914880.0,0.017561268982107955,wikitext,wikitext-2-raw-v1,gpt2
s0_L3_H4_E160_T400000,0,3,4,160,17026560,400000,399360,7.178786110877991,1311.315500104253,0.003438607061980292,40798362009600.0,0.02345511953089761,wikitext,wikitext-2-raw-v1,gpt2
s0_L3_H4_E160_T600000,0,3,4,160,17026560,600000,598016,7.0910334348678585,1201.1484681343288,0.003995359787950292,61092931829760.0,0.03512253796421591,wikitext,wikitext-2-raw-v1,gpt2
s0_L3_H4_E160_T800000,0,3,4,160,17026560,800000,798720,6.997898817062378,1094.3313506536167,0.004525954951532185,81596724019200.0,0.04691023906179522,wikitext,wikitext-2-raw-v1,gpt2
s0_L4_H4_E192_T80000,0,4,4,192,21096192,80000,79872,8.312920141220093,4076.1986971154934,0.00230487622320652,10109970284544.0,0.003786086133459536,wikitext,wikitext-2-raw-v1,gpt2
s0_L4_H4_E192_T100000,0,4,4,192,21096192,100000,98304,7.967331051826477,2885.146772004465,0.0025051625270862132,12443040350208.0,0.0046597983181040446,wikitext,wikitext-2-raw-v1,gpt2
s0_L4_H4_E192_T150000,0,4,4,192,21096192,150000,149504,7.5296223878860475,1862.4021051630348,0.00296943451394327,18923790532608.0,0.007086776608783234,wikitext,wikitext-2-raw-v1,gpt2
s0_L4_H4_E192_T300000,0,4,4,192,21096192,300000,299008,7.196218848228455,1334.375736323627,0.003675728279631585,37847581065216.0,0.014173553217566469,wikitext,wikitext-2-raw-v1,gpt2
s0_L4_H4_E192_T600000,0,4,4,192,21096192,600000,598016,6.938318681716919,1031.035258431533,0.004746742895804346,75695162130432.0,0.028347106435132937,wikitext,wikitext-2-raw-v1,gpt2
s0_L5_H8_E224_T80000,0,5,8,224,25559296,80000,79872,8.09031720161438,3262.722346897324,0.0024987445794977248,12248832540672.0,0.003124968700233371,wikitext,wikitext-2-raw-v1,gpt2
s0_L5_H8_E224_T100000,0,5,8,224,25559296,100000,98304,7.781107497215271,2394.9257259034857,0.0028599869983736426,15075486203904.0,0.003846115323364149,wikitext,wikitext-2-raw-v1,gpt2
s0_L5_H8_E224_T150000,0,5,8,224,25559296,150000,149504,7.3904749870300295,1620.4756350718471,0.003917052206816152,22927301935104.0,0.00584930038761631,wikitext,wikitext-2-raw-v1,gpt2
s0_L5_H8_E224_T200000,0,5,8,224,25559296,200000,198656,7.2858315229415895,1459.474214726689,0.004342529107816517,30465045037056.0,0.007772358049298385,wikitext,wikitext-2-raw-v1,gpt2
s0_L5_H8_E224_T300000,0,5,8,224,25559296,300000,299008,7.096088314056397,1207.2355001728163,0.004362703766673803,45854603870208.0,0.01169860077523262,wikitext,wikitext-2-raw-v1,gpt2
s0_L5_H8_E224_T400000,0,5,8,224,25559296,400000,399360,7.0423330783844,1144.0536622312293,0.005793046846520156,61244162703360.0,0.015624843501166856,wikitext,wikitext-2-raw-v1,gpt2
s0_L5_H8_E224_T600000,0,5,8,224,25559296,600000,598016,6.916628432273865,1008.9126364099156,0.005894537374842912,91709207740416.0,0.02339720155046524,wikitext,wikitext-2-raw-v1,gpt2
s0_L5_H8_E224_T800000,0,5,8,224,25559296,800000,798720,6.774697208404541,875.4142548212972,0.007094537257216871,122488325406720.0,0.03124968700233371,wikitext,wikitext-2-raw-v1,gpt2
s0_L6_H8_E256_T80000,0,6,8,256,30489600,80000,79872,7.848685383796692,2562.3635770285355,0.002874879981391132,14611591987200.0,0.002619647355163728,wikitext,wikitext-2-raw-v1,gpt2
s0_L6_H8_E256_T100000,0,6,8,256,30489600,100000,98304,7.563095211982727,1925.7970480908498,0.003623249300289899,17983497830400.0,0.0032241813602015114,wikitext,wikitext-2-raw-v1,gpt2
s0_L6_H8_E256_T150000,0,6,8,256,30489600,150000,149504,7.321078872680664,1511.834166797868,0.0039360699884127825,27349902950400.0,0.004903442485306465,wikitext,wikitext-2-raw-v1,gpt2
s0_L6_H8_E256_T300000,0,6,8,256,30489600,300000,299008,7.043222069740295,1145.0711682576532,0.0047431617276743054,54699805900800.0,0.00980688497061293,wikitext,wikitext-2-raw-v1,gpt2
s0_L6_H8_E256_T600000,0,6,8,256,30489600,600000,598016,6.835300087928772,930.1074228604139,0.006765027123037726,109399611801600.0,0.01961376994122586,wikitext,wikitext-2-raw-v1,gpt2
s1_L2_H2_E96_T80000,1,2,2,96,9883776,80000,79872,9.681481742858887,16018.214225768228,0.0031040349858812988,4736621740032.0,0.008081122032713004,wikitext,wikitext-2-raw-v1,gpt2
s1_L2_H2_E96_T100000,1,2,2,96,9883776,100000,98304,9.297139358520507,10906.774168450347,0.002451987093081698,5829688295424.0,0.009945996347954466,wikitext,wikitext-2-raw-v1,gpt2
s1_L2_H2_E96_T150000,1,2,2,96,9883776,150000,149504,8.518002843856811,5004.049901487942,0.0018656340980669484,8865984282624.0,0.01512620277918075,wikitext,wikitext-2-raw-v1,gpt2
s1_L2_H2_E96_T200000,1,2,2,96,9883776,200000,198656,8.032114791870118,3078.2446413782513,0.0017107196763390675,11780828430336.0,0.020099200953157984,wikitext,wikitext-2-raw-v1,gpt2
s1_L2_H2_E96_T300000,1,2,2,96,9883776,300000,299008,7.581574082374573,1961.714436476553,0.0017128684266936034,17731968565248.0,0.0302524055583615,wikitext,wikitext-2-raw-v1,gpt2
s1_L2_H2_E96_T400000,1,2,2,96,9883776,400000,399360,7.449189400672912,1718.4695903512857,0.002017017046455294,23683108700160.0,0.04040561016356502,wikitext,wikitext-2-raw-v1,gpt2
s1_L2_H2_E96_T600000,1,2,2,96,9883776,600000,598016,7.271539902687072,1438.7643050602123,0.00257789614261128,35463937130496.0,0.060504811116723,wikitext,wikitext-2-raw-v1,gpt2
s1_L2_H2_E96_T800000,1,2,2,96,9883776,800000,798720,7.152693605422973,1277.5425201809858,0.0028562061488628387,47366217400320.0,0.08081122032713003,wikitext,wikitext-2-raw-v1,gpt2
s1_L2_H2_E128_T80000,1,2,2,128,13276672,80000,79872,9.153582668304443,9448.229687708501,0.0025164094113279134,6362606075904.0,0.0060159654467625626,wikitext,wikitext-2-raw-v1,gpt2
s1_L2_H2_E128_T100000,1,2,2,128,13276672,100000,98304,8.775550842285156,6474.009114096925,0.0020666274649556726,7830899785728.0,0.00740426516524623,wikitext,wikitext-2-raw-v1,gpt2
s1_L2_H2_E128_T150000,1,2,2,128,13276672,150000,149504,8.065767574310303,3183.5989283323206,0.0019133568421239033,11909493424128.0,0.011260653272145309,wikitext,wikitext-2-raw-v1,gpt2
s1_L2_H2_E128_T300000,1,2,2,128,13276672,300000,299008,7.502571415901184,1812.6976261482043,0.0020610771171050146,23818986848256.0,0.022521306544290617,wikitext,wikitext-2-raw-v1,gpt2
s1_L2_H2_E128_T600000,1,2,2,128,13276672,600000,598016,7.220087194442749,1366.6082161551894,0.0032188487239181995,47637973696512.0,0.045042613088581235,wikitext,wikitext-2-raw-v1,gpt2
s1_L3_H4_E160_T80000,1,3,4,160,17026560,80000,79872,8.665266084671021,5797.987100562609,0.0022148092393763363,8159672401920.0,0.004691023906179522,wikitext,wikitext-2-raw-v1,gpt2
s1_L3_H4_E160_T100000,1,3,4,160,17026560,100000,98304,8.301643323898315,4030.490355729002,0.002270524564664811,10042673725440.0,0.0057735678845286425,wikitext,wikitext-2-raw-v1,gpt2
s1_L3_H4_E160_T150000,1,3,4,160,17026560,150000,149504,7.735376334190368,2287.8695458274487,0.0020513511990429834,15273232957440.0,0.008780634491053978,wikitext,wikitext-2-raw-v1,gpt2
s1_L3_H4_E160_T200000,1,3,4,160,17026560,200000,198656,7.5308973550796505,1864.7781210977396,0.002410297194728628,20294569820160.0,0.011667418433318298,wikitext,wikitext-2-raw-v1,gpt2
s1_L3_H4_E160_T300000,1,3,4,160,17026560,300000,299008,7.287585783004761,1462.036759082253,0.003320219024317339,30546465914880.0,0.017561268982107955,wikitext,wikitext-2-raw-v1,gpt2
s1_L3_H4_E160_T400000,1,3,4,160,17026560,400000,399360,7.169470262527466,1299.1562087596094,0.003618390910560265,40798362009600.0,0.02345511953089761,wikitext,wikitext-2-raw-v1,gpt2
s1_L3_H4_E160_T600000,1,3,4,160,17026560,600000,598016,7.020716643333435,1119.5886760781827,0.004048533039167523,61092931829760.0,0.03512253796421591,wikitext,wikitext-2-raw-v1,gpt2
s1_L3_H4_E160_T800000,1,3,4,160,17026560,800000,798720,6.941343069076538,1034.1582285897277,0.004223016439937055,81596724019200.0,0.04691023906179522,wikitext,wikitext-2-raw-v1,gpt2
s1_L4_H4_E192_T80000,1,4,4,192,21096192,80000,79872,8.359131622314454,4268.98606411341,0.0025224527635145932,10109970284544.0,0.003786086133459536,wikitext,wikitext-2-raw-v1,gpt2
s1_L4_H4_E192_T100000,1,4,4,192,21096192,100000,98304,8.03414089679718,3084.4878105350062,0.0025025918730534613,12443040350208.0,0.0046597983181040446,wikitext,wikitext-2-raw-v1,gpt2
s1_L4_H4_E192_T150000,1,4,4,192,21096192,150000,149504,7.563239669799804,1926.0752646233436,0.002623549196869135,18923790532608.0,0.007086776608783234,wikitext,wikitext-2-raw-v1,gpt2
s1_L4_H4_E192_T300000,1,4,4,192,21096192,300000,299008,7.188021636009216,1323.4822842002854,0.0037937375309411436,37847581065216.0,0.014173553217566469,wikitext,wikitext-2-raw-v1,gpt2
s1_L4_H4_E192_T600000,1,4,4,192,21096192,600000,598016,6.970290040969848,1064.5314635043317,0.004728480242192745,75695162130432.0,0.028347106435132937,wikitext,wikitext-2-raw-v1,gpt2
s1_L5_H8_E224_T80000,1,5,8,224,25559296,80000,79872,8.092365407943726,3269.41192393751,0.0027360783715266734,12248832540672.0,0.003124968700233371,wikitext,wikitext-2-raw-v1,gpt2
s1_L5_H8_E224_T100000,1,5,8,224,25559296,100000,98304,7.790206885337829,2416.817534588948,0.0027968691429123282,15075486203904.0,0.003846115323364149,wikitext,wikitext-2-raw-v1,gpt2
s1_L5_H8_E224_T150000,1,5,8,224,25559296,150000,149504,7.44589672088623,1712.8205256514902,0.0036455847730394453,22927301935104.0,0.00584930038761631,wikitext,wikitext-2-raw-v1,gpt2
s1_L5_H8_E224_T200000,1,5,8,224,25559296,200000,198656,7.272907352447509,1440.7330887641058,0.003938309266231954,30465045037056.0,0.007772358049298385,wikitext,wikitext-2-raw-v1,gpt2
s1_L5_H8_E224_T300000,1,5,8,224,25559296,300000,299008,7.137610840797424,1258.4182331568336,0.004460085299797356,45854603870208.0,0.01169860077523262,wikitext,wikitext-2-raw-v1,gpt2
s1_L5_H8_E224_T400000,1,5,8,224,25559296,400000,399360,6.995137500762939,1091.3137238864758,0.004784565535373986,61244162703360.0,0.015624843501166856,wikitext,wikitext-2-raw-v1,gpt2
s1_L5_H8_E224_T600000,1,5,8,224,25559296,600000,598016,6.892397737503051,984.7597841819486,0.00570325437001884,91709207740416.0,0.02339720155046524,wikitext,wikitext-2-raw-v1,gpt2
s1_L5_H8_E224_T800000,1,5,8,224,25559296,800000,798720,6.756942176818848,860.0084173525061,0.006461178418248892,122488325406720.0,0.03124968700233371,wikitext,wikitext-2-raw-v1,gpt2
s1_L6_H8_E256_T80000,1,6,8,256,30489600,80000,79872,7.8662550210952755,2607.781192890393,0.002667318796738982,14611591987200.0,0.002619647355163728,wikitext,wikitext-2-raw-v1,gpt2
s1_L6_H8_E256_T100000,1,6,8,256,30489600,100000,98304,7.611867737770081,2022.0512344685922,0.003214011143427342,17983497830400.0,0.0032241813602015114,wikitext,wikitext-2-raw-v1,gpt2
s1_L6_H8_E256_T150000,1,6,8,256,30489600,150000,149504,7.341032218933106,1542.3032869587178,0.0039967123593669385,27349902950400.0,0.004903442485306465,wikitext,wikitext-2-raw-v1,gpt2
s1_L6_H8_E256_T300000,1,6,8,256,30489600,300000,299008,7.104149055480957,1217.0060393694896,0.0051155692199245095,54699805900800.0,0.00980688497061293,wikitext,wikitext-2-raw-v1,gpt2
s1_L6_H8_E256_T600000,1,6,8,256,30489600,600000,598016,6.8611432075500485,954.4575871470905,0.006823791714850813,109399611801600.0,0.01961376994122586,wikitext,wikitext-2-raw-v1,gpt2
s0_L2_H2_E96_T250000,0,2,2,96,9883776,250000,249856,7.722273993492126,2258.088625490138,0.0017695321585051715,14817124417536.0,0.025279407384384268,wikitext,wikitext-2-raw-v1,gpt2
s0_L2_H2_E96_T500000,0,2,2,96,9883776,500000,499712,7.367504525184631,1583.6768222243315,0.002402795333182439,29634248835072.0,0.050558814768768535,wikitext,wikitext-2-raw-v1,gpt2
s0_L2_H2_E128_T250000,0,2,2,128,13276672,250000,249856,7.514743518829346,1834.896799457251,0.002040161343757063,19903536955392.0,0.0188191739616675,wikitext,wikitext-2-raw-v1,gpt2
s0_L2_H2_E128_T500000,0,2,2,128,13276672,500000,499712,7.198480200767517,1337.3966446650616,0.003132074372842908,39807073910784.0,0.037638347923335,wikitext,wikitext-2-raw-v1,gpt2
s0_L3_H4_E144_T80000,0,3,4,144,15240960,80000,79872,8.875847005844117,7157.0059267536535,0.002458343922626227,7303955742720.0,0.005240614764424288,wikitext,wikitext-2-raw-v1,gpt2
s0_L3_H4_E144_T100000,0,3,4,144,15240960,100000,98304,8.518368864059449,5005.881820086049,0.002197651832830161,8989483991040.0,0.006449987402368355,wikitext,wikitext-2-raw-v1,gpt2
s0_L3_H4_E144_T150000,0,3,4,144,15240960,150000,149504,7.846948575973511,2557.9171063723606,0.0019994130125269294,13671506903040.0,0.009809355841101873,wikitext,wikitext-2-raw-v1,gpt2
s0_L3_H4_E144_T200000,0,3,4,144,15240960,200000,198656,7.548384737968445,1897.675012026149,0.002193624182837084,18166248898560.0,0.01303434954228605,wikitext,wikitext-2-raw-v1,gpt2
s0_L3_H4_E144_T250000,0,3,4,144,15240960,250000,249856,7.435630178451538,1695.3257401855858,0.002938389894552529,22848271810560.0,0.01639371798101957,wikitext,wikitext-2-raw-v1,gpt2
s0_L3_H4_E144_T300000,0,3,4,144,15240960,300000,299008,7.32886643409729,1523.6536308911775,0.0031030717655085027,27343013806080.0,0.019618711682203745,wikitext,wikitext-2-raw-v1,gpt2
s0_L3_H4_E144_T400000,0,3,4,144,15240960,400000,399360,7.204804682731629,1345.881789412427,0.0035119990061502904,36519778713600.0,0.02620307382212144,wikitext,wikitext-2-raw-v1,gpt2
s0_L3_H4_E144_T500000,0,3,4,144,15240960,500000,499712,7.153893971443177,1279.0769595717834,0.003471043542958796,45696543621120.0,0.03278743596203914,wikitext,wikitext-2-raw-v1,gpt2
s0_L3_H4_E144_T600000,0,3,4,144,15240960,600000,598016,7.057521104812622,1161.5622030129584,0.0035861907235812396,54686027612160.0,0.03923742336440749,wikitext,wikitext-2-raw-v1,gpt2
s0_L3_H4_E144_T800000,0,3,4,144,15240960,800000,798720,6.9197190284729,1012.0356013951956,0.004425995459314436,73039557427200.0,0.05240614764424288,wikitext,wikitext-2-raw-v1,gpt2
s0_L3_H4_E160_T250000,0,3,4,160,17026560,250000,249856,7.376962924003601,1598.7269319794136,0.0037909791863057762,25525129052160.0,0.014674485039843633,wikitext,wikitext-2-raw-v1,gpt2
s0_L3_H4_E160_T500000,0,3,4,160,17026560,500000,499712,7.117868137359619,1233.817298717908,0.0037250951572787017,51050258104320.0,0.029348970079687266,wikitext,wikitext-2-raw-v1,gpt2
s0_L4_H4_E192_T250000,0,4,4,192,21096192,250000,249856,7.273004412651062,1440.8729333975307,0.0039835519273765385,31626060890112.0,0.011843654058514447,wikitext,wikitext-2-raw-v1,gpt2
s0_L4_H4_E192_T500000,0,4,4,192,21096192,500000,499712,6.982061529159546,1077.1366282730028,0.0044286808697506785,63252121780224.0,0.023687308117028894,wikitext,wikitext-2-raw-v1,gpt2
s0_L5_H8_E208_T80000,0,5,8,208,23533952,80000,79872,8.168187046051026,3526.943976924354,0.0024302189995069057,11278222884864.0,0.003393905112069575,wikitext,wikitext-2-raw-v1,gpt2
s0_L5_H8_E208_T100000,0,5,8,208,23533952,100000,98304,7.897508430480957,2690.5702271407786,0.0026591453060973436,13880889704448.0,0.004177113984085631,wikitext,wikitext-2-raw-v1,gpt2
s0_L5_H8_E208_T150000,0,5,8,208,23533952,150000,149504,7.42007474899292,1669.158270981511,0.0035734630073420703,21110519758848.0,0.00635269418413023,wikitext,wikitext-2-raw-v1,gpt2
s0_L5_H8_E208_T200000,0,5,8,208,23533952,200000,198656,7.315062713623047,1502.7660369884197,0.003810155118117109,28050964611072.0,0.008441251176173045,wikitext,wikitext-2-raw-v1,gpt2
s0_L5_H8_E208_T250000,0,5,8,208,23533952,250000,249856,7.271520137786865,1438.735868308327,0.0040446089988108724,35280594665472.0,0.010616831376217646,wikitext,wikitext-2-raw-v1,gpt2
s0_L5_H8_E208_T300000,0,5,8,208,23533952,300000,299008,7.1519406080245975,1276.5808960826344,0.004051800991874188,42221039517696.0,0.01270538836826046,wikitext,wikitext-2-raw-v1,gpt2
s0_L5_H8_E208_T400000,0,5,8,208,23533952,400000,399360,7.085623383522034,1194.6677395916936,0.0045322777586989105,56391114424320.0,0.016969525560347875,wikitext,wikitext-2-raw-v1,gpt2
s0_L5_H8_E208_T500000,0,5,8,208,23533952,500000,499712,7.039543461799622,1140.8666385150748,0.005188462266232818,70561189330944.0,0.02123366275243529,wikitext,wikitext-2-raw-v1,gpt2
s0_L5_H8_E208_T600000,0,5,8,208,23533952,600000,598016,6.94080080986023,1033.5975987762333,0.005336834990885109,84442079035392.0,0.02541077673652092,wikitext,wikitext-2-raw-v1,gpt2
s0_L5_H8_E208_T800000,0,5,8,208,23533952,800000,798720,6.803207731246948,900.7319686235649,0.007199716696050018,112782228848640.0,0.03393905112069575,wikitext,wikitext-2-raw-v1,gpt2
s0_L5_H8_E224_T250000,0,5,8,224,25559296,250000,249856,7.180869197845459,1314.0499313730463,0.004337719350587577,38316860768256.0,0.009775543113550545,wikitext,wikitext-2-raw-v1,gpt2
s0_L5_H8_E224_T500000,0,5,8,224,25559296,500000,499712,6.891912508010864,984.2820656028885,0.005575454153586179,76633721536512.0,0.01955108622710109,wikitext,wikitext-2-raw-v1,gpt2
s0_L6_H8_E256_T250000,0,6,8,256,30489600,250000,249856,7.133326601982117,1253.0384013872613,0.004565299197565764,45708056985600.0,0.008194794290512175,wikitext,wikitext-2-raw-v1,gpt2
s0_L6_H8_E256_T500000,0,6,8,256,30489600,500000,499712,6.846758008003235,940.8258073059837,0.0060940670082345605,91416113971200.0,0.01638958858102435,wikitext,wikitext-2-raw-v1,gpt2
s1_L2_H2_E96_T250000,1,2,2,96,9883776,250000,249856,7.700034880638123,2208.4250218177817,0.0018760836537694559,14817124417536.0,0.025279407384384268,wikitext,wikitext-2-raw-v1,gpt2
s1_L2_H2_E96_T500000,1,2,2,96,9883776,500000,499712,7.329445910453797,1524.5368080112,0.0025278527464251965,29634248835072.0,0.050558814768768535,wikitext,wikitext-2-raw-v1,gpt2
s1_L2_H2_E128_T250000,1,2,2,128,13276672,250000,249856,7.54306275844574,1887.6024512266963,0.001891316322144121,19903536955392.0,0.0188191739616675,wikitext,wikitext-2-raw-v1,gpt2
s1_L2_H2_E128_T500000,1,2,2,128,13276672,500000,499712,7.213320922851563,1357.392586691321,0.0029228039202280343,39807073910784.0,0.037638347923335,wikitext,wikitext-2-raw-v1,gpt2
s1_L3_H4_E144_T80000,1,3,4,144,15240960,80000,79872,8.917399358749389,7460.661474339365,0.0023998784890864044,7303955742720.0,0.005240614764424288,wikitext,wikitext-2-raw-v1,gpt2
s1_L3_H4_E144_T100000,1,3,4,144,15240960,100000,98304,8.558615064620971,5211.458638790002,0.002250595251098275,8989483991040.0,0.006449987402368355,wikitext,wikitext-2-raw-v1,gpt2
s1_L3_H4_E144_T150000,1,3,4,144,15240960,150000,149504,7.880389857292175,2644.9034936450303,0.0020529912289930508,13671506903040.0,0.009809355841101873,wikitext,wikitext-2-raw-v1,gpt2
s1_L3_H4_E144_T200000,1,3,4,144,15240960,200000,198656,7.541377210617066,1884.4234869144668,0.0023458129435312003,18166248898560.0,0.01303434954228605,wikitext,wikitext-2-raw-v1,gpt2
s1_L3_H4_E144_T250000,1,3,4,144,15240960,250000,249856,7.403268766403198,1641.3408305786331,0.0029662790766451508,22848271810560.0,0.01639371798101957,wikitext,wikitext-2-raw-v1,gpt2
s1_L3_H4_E144_T300000,1,3,4,144,15240960,300000,299008,7.313571906089782,1500.5273711842865,0.003050478087970987,27343013806080.0,0.019618711682203745,wikitext,wikitext-2-raw-v1,gpt2
s1_L3_H4_E144_T400000,1,3,4,144,15240960,400000,399360,7.199405193328857,1338.6342989351888,0.00325610680738464,36519778713600.0,0.02620307382212144,wikitext,wikitext-2-raw-v1,gpt2
s1_L3_H4_E144_T500000,1,3,4,144,15240960,500000,499712,7.1122812032699585,1226.9432630637598,0.0033992659009527415,45696543621120.0,0.03278743596203914,wikitext,wikitext-2-raw-v1,gpt2
s1_L3_H4_E144_T600000,1,3,4,144,15240960,600000,598016,7.063784432411194,1168.8602788783714,0.0035955084313172847,54686027612160.0,0.03923742336440749,wikitext,wikitext-2-raw-v1,gpt2
s1_L3_H4_E144_T800000,1,3,4,144,15240960,800000,798720,6.954814124107361,1048.1836877652568,0.004168553510680795,73039557427200.0,0.05240614764424288,wikitext,wikitext-2-raw-v1,gpt2
s1_L3_H4_E160_T250000,1,3,4,160,17026560,250000,249856,7.405537629127503,1645.0690354001674,0.003229123482014984,25525129052160.0,0.014674485039843633,wikitext,wikitext-2-raw-v1,gpt2
s1_L3_H4_E160_T500000,1,3,4,160,17026560,500000,499712,7.103524112701416,1216.2457178359998,0.003539444733178243,51050258104320.0,0.029348970079687266,wikitext,wikitext-2-raw-v1,gpt2
s1_L4_H4_E192_T250000,1,4,4,192,21096192,250000,249856,7.279821252822876,1450.7286882794808,0.003628041740739718,31626060890112.0,0.011843654058514447,wikitext,wikitext-2-raw-v1,gpt2
s1_L4_H4_E192_T500000,1,4,4,192,21096192,500000,499712,7.008723044395447,1106.240981967854,0.00407027211622335,63252121780224.0,0.023687308117028894,wikitext,wikitext-2-raw-v1,gpt2
s1_L5_H8_E208_T80000,1,5,8,208,23533952,80000,79872,8.175214767456055,3551.8176568783497,0.0023140364210121334,11278222884864.0,0.003393905112069575,wikitext,wikitext-2-raw-v1,gpt2
s1_L5_H8_E208_T100000,1,5,8,208,23533952,100000,98304,7.8787494659423825,2640.56837345196,0.002372861752519384,13880889704448.0,0.004177113984085631,wikitext,wikitext-2-raw-v1,gpt2
s1_L5_H8_E208_T150000,1,5,8,208,23533952,150000,149504,7.451742315292359,1722.8623012137132,0.003531281923642382,21110519758848.0,0.00635269418413023,wikitext,wikitext-2-raw-v1,gpt2
s1_L5_H8_E208_T200000,1,5,8,208,23533952,200000,198656,7.285576796531677,1459.1024954449806,0.0039257267490029335,28050964611072.0,0.008441251176173045,wikitext,wikitext-2-raw-v1,gpt2
s1_L5_H8_E208_T250000,1,5,8,208,23533952,250000,249856,7.1920737504959105,1328.8560661739107,0.0037708765303250402,35280594665472.0,0.010616831376217646,wikitext,wikitext-2-raw-v1,gpt2
s1_L5_H8_E208_T300000,1,5,8,208,23533952,300000,299008,7.132102227210998,1251.5051516090732,0.0041091738967224956,42221039517696.0,0.01270538836826046,wikitext,wikitext-2-raw-v1,gpt2
s1_L5_H8_E208_T400000,1,5,8,208,23533952,400000,399360,7.049978828430175,1152.8343352123911,0.0044101009843871,56391114424320.0,0.016969525560347875,wikitext,wikitext-2-raw-v1,gpt2
s1_L5_H8_E208_T500000,1,5,8,208,23533952,500000,499712,6.975815391540527,1070.4296528098107,0.005248993693385273,70561189330944.0,0.02123366275243529,wikitext,wikitext-2-raw-v1,gpt2
s1_L5_H8_E208_T600000,1,5,8,208,23533952,600000,598016,6.901084566116333,993.3514869489737,0.0059313393430784345,84442079035392.0,0.02541077673652092,wikitext,wikitext-2-raw-v1,gpt2
s1_L5_H8_E208_T800000,1,5,8,208,23533952,800000,798720,6.778311705589294,878.5841625409776,0.00622676417697221,112782228848640.0,0.03393905112069575,wikitext,wikitext-2-raw-v1,gpt2
s1_L5_H8_E224_T250000,1,5,8,224,25559296,250000,249856,7.236219668388367,1388.8337822518586,0.003912654705345631,38316860768256.0,0.009775543113550545,wikitext,wikitext-2-raw-v1,gpt2
s1_L5_H8_E224_T500000,1,5,8,224,25559296,500000,499712,6.912989854812622,1005.2483001591108,0.0055902296444401145,76633721536512.0,0.01955108622710109,wikitext,wikitext-2-raw-v1,gpt2
s1_L6_H8_E256_T250000,1,6,8,256,30489600,250000,249856,7.156756281852722,1282.7433194947096,0.004721815697848797,45708056985600.0,0.008194794290512175,wikitext,wikitext-2-raw-v1,gpt2
s1_L6_H8_E256_T500000,1,6,8,256,30489600,500000,499712,6.89305009841919,985.4024125669642,0.006111639144364744,91416113971200.0,0.01638958858102435,wikitext,wikitext-2-raw-v1,gpt2
s0_L3_H4_E136_T80000,0,3,4,136,14355072,80000,79872,8.933186101913453,7579.3756101578765,0.0024896397662814707,6879409864704.0,0.005564026429125539,wikitext,wikitext-2-raw-v1,gpt2
s0_L3_H4_E136_T100000,0,3,4,136,14355072,100000,98304,8.563619232177734,5237.60301188721,0.0023234246764332056,8466965987328.0,0.006848032528154508,wikitext,wikitext-2-raw-v1,gpt2
s0_L3_H4_E136_T150000,0,3,4,136,14355072,150000,149504,7.906780338287353,2715.6329563410154,0.0020194893004372716,12876844105728.0,0.010414716136568315,wikitext,wikitext-2-raw-v1,gpt2
s0_L3_H4_E136_T200000,0,3,4,136,14355072,200000,198656,7.585137724876404,1968.7177566720059,0.002068935864372179,17110327099392.0,0.01383873240064557,wikitext,wikitext-2-raw-v1,gpt2
s0_L3_H4_E136_T250000,0,3,4,136,14355072,250000,249856,7.496054744720459,1800.9232782138522,0.002427452534902841,21520205217792.0,0.017405416009059375,wikitext,wikitext-2-raw-v1,gpt2
s0_L3_H4_E136_T300000,0,3,4,136,14355072,300000,299008,7.384233832359314,1610.3934908306774,0.003186315967468545,25753688211456.0,0.02082943227313663,wikitext,wikitext-2-raw-v1,gpt2
s0_L3_H4_E136_T400000,0,3,4,136,14355072,400000,399360,7.2465534687042235,1403.2601243195697,0.003198943450115621,34397049323520.0,0.02782013214562769,wikitext,wikitext-2-raw-v1,gpt2
s0_L3_H4_E136_T500000,0,3,4,136,14355072,500000,499712,7.195865297317505,1333.9040499539872,0.00319170716102235,43040410435584.0,0.03481083201811875,wikitext,wikitext-2-raw-v1,gpt2
s0_L3_H4_E136_T600000,0,3,4,136,14355072,600000,598016,7.089828443527222,1199.701966317517,0.003382685623364523,51507376422912.0,0.04165886454627326,wikitext,wikitext-2-raw-v1,gpt2
s0_L3_H4_E136_T800000,0,3,4,136,14355072,800000,798720,6.974369025230407,1068.8825385393234,0.003685472212964669,68794098647040.0,0.05564026429125538,wikitext,wikitext-2-raw-v1,gpt2
s0_L5_H8_E200_T80000,0,5,8,200,22532800,80000,79872,8.314446926116943,4082.4269290981993,0.002551547600887716,10798438809600.0,0.003544699282823262,wikitext,wikitext-2-raw-v1,gpt2
s0_L5_H8_E200_T100000,0,5,8,200,22532800,100000,98304,7.977740526199341,2915.3364903337215,0.002637036348460242,13290386227200.0,0.004362706809628631,wikitext,wikitext-2-raw-v1,gpt2
s0_L5_H8_E200_T150000,0,5,8,200,22532800,150000,149504,7.473741722106934,1761.184234205026,0.0032790755212772638,20212462387200.0,0.006634949939643542,wikitext,wikitext-2-raw-v1,gpt2
s0_L5_H8_E200_T200000,0,5,8,200,22532800,200000,198656,7.3754099130630495,1596.24601850461,0.0038739076408091933,26857655500800.0,0.008816303344457857,wikitext,wikitext-2-raw-v1,gpt2
s0_L5_H8_E200_T250000,0,5,8,200,22532800,250000,249856,7.239849805831909,1393.884601805661,0.003974487306550145,33779731660800.0,0.011088546474472768,wikitext,wikitext-2-raw-v1,gpt2
s0_L5_H8_E200_T300000,0,5,8,200,22532800,300000,299008,7.162923550605774,1290.678787216029,0.0053215871448628604,40424924774400.0,0.013269899879287084,wikitext,wikitext-2-raw-v1,gpt2
s0_L5_H8_E200_T400000,0,5,8,200,22532800,400000,399360,7.084063625335693,1192.8057992707218,0.004400393809191883,53992194048000.0,0.01772349641411631,wikitext,wikitext-2-raw-v1,gpt2
s0_L5_H8_E200_T500000,0,5,8,200,22532800,500000,499712,6.988898372650146,1084.5260742780415,0.004891644755844027,67559463321600.0,0.022177092948945536,wikitext,wikitext-2-raw-v1,gpt2
s0_L5_H8_E200_T600000,0,5,8,200,22532800,600000,598016,6.869678092002869,962.6386348551558,0.005613468820229173,80849849548800.0,0.026539799758574168,wikitext,wikitext-2-raw-v1,gpt2
s0_L5_H8_E200_T800000,0,5,8,200,22532800,800000,798720,6.808404755592346,905.4252796555378,0.006627479684539139,107984388096000.0,0.03544699282823262,wikitext,wikitext-2-raw-v1,gpt2
s1_L3_H4_E136_T80000,1,3,4,136,14355072,80000,79872,8.973732376098633,7893.006364840658,0.0023982278944458812,6879409864704.0,0.005564026429125539,wikitext,wikitext-2-raw-v1,gpt2
s1_L3_H4_E136_T100000,1,3,4,136,14355072,100000,98304,8.61440110206604,5510.447429719513,0.002322860760614276,8466965987328.0,0.006848032528154508,wikitext,wikitext-2-raw-v1,gpt2
s1_L3_H4_E136_T150000,1,3,4,136,14355072,150000,149504,7.926348686218262,2769.296750378027,0.0020280909375287592,12876844105728.0,0.010414716136568315,wikitext,wikitext-2-raw-v1,gpt2
s1_L3_H4_E136_T200000,1,3,4,136,14355072,200000,198656,7.613840413093567,2026.0440219835446,0.00203600968234241,17110327099392.0,0.01383873240064557,wikitext,wikitext-2-raw-v1,gpt2
s1_L3_H4_E136_T250000,1,3,4,136,14355072,250000,249856,7.4542625665664675,1727.2098232462645,0.0025824057520367205,21520205217792.0,0.017405416009059375,wikitext,wikitext-2-raw-v1,gpt2
s1_L3_H4_E136_T300000,1,3,4,136,14355072,300000,299008,7.331086301803589,1527.039697301224,0.002973170339828357,25753688211456.0,0.02082943227313663,wikitext,wikitext-2-raw-v1,gpt2
s1_L3_H4_E136_T400000,1,3,4,136,14355072,400000,399360,7.244960141181946,1401.0260516199717,0.003114002902293578,34397049323520.0,0.02782013214562769,wikitext,wikitext-2-raw-v1,gpt2
s1_L3_H4_E136_T500000,1,3,4,136,14355072,500000,499712,7.184446144104004,1318.75863372577,0.0033093790989369154,43040410435584.0,0.03481083201811875,wikitext,wikitext-2-raw-v1,gpt2
s1_L3_H4_E136_T600000,1,3,4,136,14355072,600000,598016,7.113487958908081,1228.424777497277,0.003426667826715857,51507376422912.0,0.04165886454627326,wikitext,wikitext-2-raw-v1,gpt2
s1_L3_H4_E136_T800000,1,3,4,136,14355072,800000,798720,6.94414324760437,1037.058114460046,0.00364072821685113,68794098647040.0,0.05564026429125538,wikitext,wikitext-2-raw-v1,gpt2
s1_L5_H8_E200_T80000,1,5,8,200,22532800,80000,79872,8.279757928848266,3943.2397218560964,0.0027281052025500685,10798438809600.0,0.003544699282823262,wikitext,wikitext-2-raw-v1,gpt2
s1_L5_H8_E200_T100000,1,5,8,200,22532800,100000,98304,7.982359886169434,2928.8346314002933,0.0024872969661373645,13290386227200.0,0.004362706809628631,wikitext,wikitext-2-raw-v1,gpt2
s1_L5_H8_E200_T150000,1,5,8,200,22532800,150000,149504,7.440475702285767,1703.56041601354,0.0036729044804815203,20212462387200.0,0.006634949939643542,wikitext,wikitext-2-raw-v1,gpt2
s1_L5_H8_E200_T200000,1,5,8,200,22532800,200000,198656,7.282466197013855,1454.5708636260135,0.0038332360272761434,26857655500800.0,0.008816303344457857,wikitext,wikitext-2-raw-v1,gpt2
s1_L5_H8_E200_T250000,1,5,8,200,22532800,250000,249856,7.237210512161255,1390.210581540438,0.0039728343253955245,33779731660800.0,0.011088546474472768,wikitext,wikitext-2-raw-v1,gpt2
s1_L5_H8_E200_T300000,1,5,8,200,22532800,300000,299008,7.1567470073699955,1282.7314227691184,0.004087024106411263,40424924774400.0,0.013269899879287084,wikitext,wikitext-2-raw-v1,gpt2
s1_L5_H8_E200_T400000,1,5,8,200,22532800,400000,399360,7.072293734550476,1178.8489019844706,0.004408251668792218,53992194048000.0,0.01772349641411631,wikitext,wikitext-2-raw-v1,gpt2
s1_L5_H8_E200_T500000,1,5,8,200,22532800,500000,499712,6.993563818931579,1089.5976939036273,0.004783414711710066,67559463321600.0,0.022177092948945536,wikitext,wikitext-2-raw-v1,gpt2
s1_L5_H8_E200_T600000,1,5,8,200,22532800,600000,598016,6.913181710243225,1005.4411810066281,0.0055966401705518365,80849849548800.0,0.026539799758574168,wikitext,wikitext-2-raw-v1,gpt2
s1_L5_H8_E200_T800000,1,5,8,200,22532800,800000,798720,6.8145490169525145,911.0055750569775,0.006402522325515747,107984388096000.0,0.03544699282823262,wikitext,wikitext-2-raw-v1,gpt2
s0_L2_H2_E64_T20000,0,2,2,64,6540032,20000,18432,10.911851835250854,54822.27318003213,0.0035526150022633374,723275218944.0,0.0028183348338356755,wikitext,wikitext-2-raw-v1,gpt2
s0_L2_H2_E64_T40000,0,2,2,64,6540032,40000,38912,10.788434934616088,48457.13804881429,0.003506647713948041,1526914351104.0,0.005949817982541981,wikitext,wikitext-2-raw-v1,gpt2
s0_L2_H2_E64_T60000,0,2,2,64,6540032,60000,59392,10.60087275505066,40169.88060277924,0.0034126201935578138,2330553483264.0,0.009081301131248288,wikitext,wikitext-2-raw-v1,gpt2
s0_L2_H2_E64_T80000,0,2,2,64,6540032,80000,79872,10.291297483444215,29474.992868189864,0.003099484572885558,3134192615424.0,0.012212784279954593,wikitext,wikitext-2-raw-v1,gpt2
s0_L2_H2_E64_T100000,0,2,2,64,6540032,100000,98304,9.943336820602417,20813.078051896864,0.002789351565297693,3857467834368.0,0.01503111911379027,wikitext,wikitext-2-raw-v1,gpt2
s0_L2_H2_E64_T150000,0,2,2,64,6540032,150000,149504,9.188811874389648,9787.015864385849,0.0016796846175566316,5866565664768.0,0.022859826985556032,wikitext,wikitext-2-raw-v1,gpt2
s0_L2_H2_E64_T200000,0,2,2,64,6540032,200000,198656,8.678043127059937,5872.543518480284,0.0018580092582851648,7795299581952.0,0.030375386542451168,wikitext,wikitext-2-raw-v1,gpt2
s0_L2_H2_E64_T250000,0,2,2,64,6540032,250000,249856,8.278183698654175,3937.0370383302143,0.0014760277554159984,9804397412352.0,0.03820409441421693,wikitext,wikitext-2-raw-v1,gpt2
s0_L2_H2_E64_T300000,0,2,2,64,6540032,300000,299008,7.956641125679016,2854.4690296271474,0.001512106173322536,11733131329536.0,0.045719653971112065,wikitext,wikitext-2-raw-v1,gpt2
s0_L2_H2_E64_T400000,0,2,2,64,6540032,400000,399360,7.65034294128418,2101.366111057465,0.00153006159234792,15670963077120.0,0.061063921399772965,wikitext,wikitext-2-raw-v1,gpt2
s0_L2_H2_E64_T500000,0,2,2,64,6540032,500000,499712,7.5161682844161986,1837.5129605381248,0.0014901592076057568,19608794824704.0,0.07640818882843387,wikitext,wikitext-2-raw-v1,gpt2
s0_L2_H2_E64_T600000,0,2,2,64,6540032,600000,598016,7.496516108512878,1801.7543507059827,0.0017141867574537173,23466262659072.0,0.09143930794222413,wikitext,wikitext-2-raw-v1,gpt2
s0_L2_H2_E64_T800000,0,2,2,64,6540032,800000,798720,7.357676911354065,1568.1892853998722,0.0025271436024922878,31341926154240.0,0.12212784279954593,wikitext,wikitext-2-raw-v1,gpt2
s0_L2_H2_E64_T1000000,0,2,2,64,6540032,1000000,999424,7.232918357849121,1384.2563705353207,0.0022489603725261986,39217589649408.0,0.15281637765686773,wikitext,wikitext-2-raw-v1,gpt2
s0_L2_H2_E64_T1200000,0,2,2,64,6540032,1200000,1198080,7.179209208488464,1311.8704319458134,0.002429143321933225,47012889231360.0,0.1831917641993189,wikitext,wikitext-2-raw-v1,gpt2
s0_L2_H2_E64_T1600000,0,2,2,64,6540032,1600000,1599488,7.043973326683044,1145.9317341353192,0.0028925578226335347,62764216221696.0,0.2445688339139625,wikitext,wikitext-2-raw-v1,gpt2
s0_L2_H2_E80_T20000,0,2,2,80,8205760,20000,18432,10.877627182006837,52977.74411622654,0.003934119362384081,907491409920.0,0.0022462270405178802,wikitext,wikitext-2-raw-v1,gpt2
s0_L2_H2_E80_T40000,0,2,2,80,8205760,40000,38912,10.712659931182861,44920.96679348902,0.0038091969036031514,1915815198720.0,0.004742034863315525,wikitext,wikitext-2-raw-v1,gpt2
s0_L2_H2_E80_T60000,0,2,2,80,8205760,60000,59392,10.418220520019531,33463.83291123498,0.0035062407259829342,2924138987520.0,0.007237842686113169,wikitext,wikitext-2-raw-v1,gpt2
s0_L2_H2_E80_T80000,0,2,2,80,8205760,80000,79872,9.996170473098754,21942.276157634977,0.0034492684935685247,3932462776320.0,0.009733650508910814,wikitext,wikitext-2-raw-v1,gpt2
s0_L2_H2_E80_T100000,0,2,2,80,8205760,100000,98304,9.637196063995361,15324.315036709248,0.0024465028545819223,4839954186240.0,0.011979877549428693,wikitext,wikitext-2-raw-v1,gpt2
s0_L2_H2_E80_T150000,0,2,2,80,8205760,150000,149504,8.89384684562683,7286.997288919873,0.001880165742477402,7360763658240.0,0.018219397106422806,wikitext,wikitext-2-raw-v1,gpt2
s0_L2_H2_E80_T200000,0,2,2,80,8205760,200000,198656,8.336998414993285,4175.537681552232,0.0017614316020626575,9780740751360.0,0.02420933588113715,wikitext,wikitext-2-raw-v1,gpt2
s0_L2_H2_E80_T250000,0,2,2,80,8205760,250000,249856,7.948323130607605,2830.8240460665634,0.0015738094225525856,12301550223360.0,0.030448855438131264,wikitext,wikitext-2-raw-v1,gpt2
s0_L2_H2_E80_T300000,0,2,2,80,8205760,300000,299008,7.712332653999328,2235.751414722767,0.0017277426377404481,14721527316480.0,0.03643879421284561,wikitext,wikitext-2-raw-v1,gpt2
s0_L2_H2_E80_T400000,0,2,2,80,8205760,400000,399360,7.533883953094483,1870.355788711867,0.0018901520234066993,19662313881600.0,0.04866825254455407,wikitext,wikitext-2-raw-v1,gpt2
s0_L2_H2_E80_T500000,0,2,2,80,8205760,500000,499712,7.411292219161988,1654.5630240839735,0.002184441837016493,24603100446720.0,0.06089771087626253,wikitext,wikitext-2-raw-v1,gpt2
s0_L2_H2_E80_T600000,0,2,2,80,8205760,600000,598016,7.35341739654541,1561.5237659333416,0.002412477828329429,29443054632960.0,0.07287758842569123,wikitext,wikitext-2-raw-v1,gpt2
s0_L2_H2_E80_T800000,0,2,2,80,8205760,800000,798720,7.234860157966613,1386.9469311382975,0.0026185421738773584,39324627763200.0,0.09733650508910814,wikitext,wikitext-2-raw-v1,gpt2
s0_L2_H2_E80_T1000000,0,2,2,80,8205760,1000000,999424,7.184320640563965,1318.5931352343214,0.002553049416746944,49206200893440.0,0.12179542175252506,wikitext,wikitext-2-raw-v1,gpt2
s0_L2_H2_E80_T1200000,0,2,2,80,8205760,1200000,1198080,7.073562526702881,1180.3455654968584,0.002862056455342099,58986941644800.0,0.14600475763366222,wikitext,wikitext-2-raw-v1,gpt2
s0_L2_H2_E80_T1600000,0,2,2,80,8205760,1600000,1599488,6.964817094802856,1058.721254095986,0.003269528766395524,78750087905280.0,0.19492259096049605,wikitext,wikitext-2-raw-v1,gpt2
s0_L2_H2_E96_T20000,0,2,2,96,9883776,20000,18432,10.865708589553833,52350.07188995647,0.0041722607566043735,1093066555392.0,0.0018648743152414624,wikitext,wikitext-2-raw-v1,gpt2
s0_L2_H2_E96_T40000,0,2,2,96,9883776,40000,38912,10.645789194107056,42015.30325463956,0.004107446409761906,2307584950272.0,0.003936956887731976,wikitext,wikitext-2-raw-v1,gpt2
s0_L2_H2_E96_T60000,0,2,2,96,9883776,60000,59392,10.24100022315979,28029.147312366687,0.0038977864023763686,3522103345152.0,0.00600903946022249,wikitext,wikitext-2-raw-v1,gpt2
s0_L2_H2_E96_T1000000,0,2,2,96,9883776,1000000,999424,7.110891032218933,1225.2387870892785,0.003075994405662641,59268497670144.0,0.10111762953753707,wikitext,wikitext-2-raw-v1,gpt2
s0_L2_H2_E96_T1200000,0,2,2,96,9883776,1200000,1198080,7.039859056472778,1141.2267467701067,0.003500124526908621,71049326100480.0,0.12121683049069505,wikitext,wikitext-2-raw-v1,gpt2
s0_L2_H2_E96_T1600000,0,2,2,96,9883776,1600000,1599488,6.899576210975647,991.854289563673,0.004379031248390675,94853886640128.0,0.1618296489115091,wikitext,wikitext-2-raw-v1,gpt2
s0_L2_H2_E128_T20000,0,2,2,128,13276672,20000,18432,10.789597225189208,48513.49206709677,0.004685951222199947,1468293709824.0,0.0013882997184836681,wikitext,wikitext-2-raw-v1,gpt2
s0_L2_H2_E128_T40000,0,2,2,128,13276672,40000,38912,10.36900782585144,31856.85373782382,0.004342214146163315,3099731165184.0,0.0029308549612432995,wikitext,wikitext-2-raw-v1,gpt2
s0_L2_H2_E128_T60000,0,2,2,128,13276672,60000,59392,9.696143102645873,16254.793073669485,0.0037196956109255552,4731168620544.0,0.004473410204002931,wikitext,wikitext-2-raw-v1,gpt2
s0_L2_H2_E128_T1000000,0,2,2,128,13276672,1000000,999424,6.984245991706848,1079.4921647497038,0.003634947875980288,79614147821568.0,0.07527669584667,wikitext,wikitext-2-raw-v1,gpt2
s0_L2_H2_E128_T1200000,0,2,2,128,13276672,1200000,1198080,6.877604126930237,970.2988598001532,0.004050320276292041,95439091138560.0,0.09023948170143843,wikitext,wikitext-2-raw-v1,gpt2
s0_L2_H2_E128_T1600000,0,2,2,128,13276672,1600000,1599488,6.789443111419677,888.4186738306871,0.0046006987686268985,127415265263616.0,0.12047356445952721,wikitext,wikitext-2-raw-v1,gpt2
s0_L3_H4_E136_T20000,0,3,4,136,14355072,20000,18432,10.66733660697937,42930.448438851745,0.00570348504697904,1587556122624.0,0.0012840060990289704,wikitext,wikitext-2-raw-v1,gpt2
s0_L3_H4_E136_T40000,0,3,4,136,14355072,40000,38912,10.019748210906982,22465.772571216206,0.004465363803319633,3351507369984.0,0.002710679542394493,wikitext,wikitext-2-raw-v1,gpt2
s0_L3_H4_E136_T60000,0,3,4,136,14355072,60000,59392,9.412672805786134,12242.549242000807,0.0028449444216676056,5115458617344.0,0.004137352985760016,wikitext,wikitext-2-raw-v1,gpt2
s0_L3_H4_E136_T1000000,0,3,4,136,14355072,1000000,999424,6.911150717735291,1003.401209785197,0.004181484924629331,86080820871168.0,0.0696216640362375,wikitext,wikitext-2-raw-v1,gpt2
s0_L3_H4_E136_T1200000,0,3,4,136,14355072,1200000,1198080,6.843865251541137,938.1081600131901,0.004735550086479634,103191147970560.0,0.08346039643688308,wikitext,wikitext-2-raw-v1,gpt2
s0_L3_H4_E136_T1600000,0,3,4,136,14355072,1600000,1599488,6.747075819969178,851.5649888462076,0.006744994781911373,137764592418816.0,0.11142319592684732,wikitext,wikitext-2-raw-v1,gpt2
s0_L3_H4_E144_T20000,0,3,4,144,15240960,20000,18432,10.611698007583618,40607.09189627237,0.006266924028750509,1685528248320.0,0.0012093726379440665,wikitext,wikitext-2-raw-v1,gpt2
s0_L3_H4_E144_T40000,0,3,4,144,15240960,40000,38912,9.9324200630188,20587.102429010007,0.00438027671771124,3558337413120.0,0.0025531200134374737,wikitext,wikitext-2-raw-v1,gpt2
s0_L3_H4_E144_T60000,0,3,4,144,15240960,60000,59392,9.346933269500733,11463.613669626304,0.0030877725803293288,5431146577920.0,0.003896867388930881,wikitext,wikitext-2-raw-v1,gpt2
s0_L3_H4_E144_T1000000,0,3,4,144,15240960,1000000,999424,6.892596173286438,984.9552151507776,0.005082931893412024,91393087242240.0,0.06557487192407828,wikitext,wikitext-2-raw-v1,gpt2
s0_L3_H4_E144_T1200000,0,3,4,144,15240960,1200000,1198080,6.837727212905884,932.367651637123,0.005086714576464146,109559336140800.0,0.07860922146636433,wikitext,wikitext-2-raw-v1,gpt2
s0_L3_H4_E144_T1600000,0,3,4,144,15240960,1600000,1599488,6.725312018394471,833.2319196765786,0.006987015542108566,146266395770880.0,0.10494667002603511,wikitext,wikitext-2-raw-v1,gpt2
s0_L3_H4_E160_T20000,0,3,4,160,17026560,20000,18432,10.528532981872559,37366.61665068506,0.0060382114024832845,1883001323520.0,0.0010825439783491205,wikitext,wikitext-2-raw-v1,gpt2
s0_L3_H4_E160_T40000,0,3,4,160,17026560,40000,38912,9.756432437896729,17264.927971824312,0.004575397673761472,3975225016320.0,0.002285370620959254,wikitext,wikitext-2-raw-v1,gpt2
s0_L3_H4_E160_T60000,0,3,4,160,17026560,60000,59392,9.143750381469726,9355.787188651817,0.002618775557493791,6067448709120.0,0.0034881972635693883,wikitext,wikitext-2-raw-v1,gpt2
s0_L3_H4_E160_T1000000,0,3,4,160,17026560,1000000,999424,6.932300186157226,1024.848613129941,0.005311888875439763,102100516208640.0,0.05869794015937453,wikitext,wikitext-2-raw-v1,gpt2
s0_L3_H4_E160_T1200000,0,3,4,160,17026560,1200000,1198080,6.7712113618850704,872.3680075478715,0.006021190725732595,122395086028800.0,0.07036535859269283,wikitext,wikitext-2-raw-v1,gpt2
s0_L3_H4_E160_T1600000,0,3,4,160,17026560,1600000,1599488,6.654772639274597,776.4813616502587,0.007953640539199114,163402670407680.0,0.09394076078785145,wikitext,wikitext-2-raw-v1,gpt2
s0_L4_H4_E192_T20000,0,4,4,192,21096192,20000,18432,10.212488555908203,27241.274743189104,0.006469781277701259,2333070065664.0,0.0008737121846445084,wikitext,wikitext-2-raw-v1,gpt2
s0_L4_H4_E192_T40000,0,4,4,192,21096192,40000,38912,9.413173723220826,12248.683284557374,0.0034352959191892296,4925370138624.0,0.0018445035009161843,wikitext,wikitext-2-raw-v1,gpt2
s0_L4_H4_E192_T60000,0,4,4,192,21096192,60000,59392,8.779518413543702,6499.746229743751,0.002569646225310862,7517670211584.0,0.0028152948171878602,wikitext,wikitext-2-raw-v1,gpt2
s0_L4_H4_E192_T1000000,0,4,4,192,21096192,1000000,999424,6.755981135368347,859.1823106406296,0.006594702892471105,126504243560448.0,0.04737461623405779,wikitext,wikitext-2-raw-v1,gpt2
s0_L4_H4_E192_T1200000,0,4,4,192,21096192,1200000,1198080,6.6854907989501955,800.7035662229378,0.007647281512618065,151649554268160.0,0.05679129200189304,wikitext,wikitext-2-raw-v1,gpt2
s0_L4_H4_E192_T1600000,0,4,4,192,21096192,1600000,1599488,6.568424248695374,712.2466348527366,0.009235640987753868,202458635698176.0,0.07581880180081789,wikitext,wikitext-2-raw-v1,gpt2
s0_L5_H8_E200_T20000,0,5,8,200,22532800,20000,18432,10.091451835632324,24135.808235255947,0.006275924970395863,2491947417600.0,0.0008180075268053681,wikitext,wikitext-2-raw-v1,gpt2
s0_L5_H8_E200_T40000,0,5,8,200,22532800,40000,38912,9.35565710067749,11564.057791711464,0.003333219268824905,5260777881600.0,0.0017269047788113327,wikitext,wikitext-2-raw-v1,gpt2
s0_L5_H8_E200_T60000,0,5,8,200,22532800,60000,59392,8.763054180145264,6393.609022214069,0.002865171351004392,8029608345600.0,0.0026358020308172975,wikitext,wikitext-2-raw-v1,gpt2
s0_L5_H8_E200_T1000000,0,5,8,200,22532800,1000000,999424,6.752683019638061,856.3532957204267,0.007438558386638761,135118926643200.0,0.04435418589789107,wikitext,wikitext-2-raw-v1,gpt2
s0_L5_H8_E200_T1200000,0,5,8,200,22532800,1200000,1198080,6.599880313873291,735.0072138108342,0.008959563623648137,161976582144000.0,0.053170489242348934,wikitext,wikitext-2-raw-v1,gpt2
s0_L5_H8_E200_T1600000,0,5,8,200,22532800,1600000,1599488,6.497499084472656,663.4802483637088,0.011330681387335062,216245659238400.0,0.07098487538166584,wikitext,wikitext-2-raw-v1,gpt2
s0_L5_H8_E208_T20000,0,5,8,208,23533952,20000,18432,10.008593034744262,22216.555534857187,0.00602660229196772,2602666819584.0,0.0007832088720160558,wikitext,wikitext-2-raw-v1,gpt2
s0_L5_H8_E208_T40000,0,5,8,208,23533952,40000,38912,9.265674734115601,10568.939409219674,0.0033516811672598124,5494518841344.0,0.0016534409520338955,wikitext,wikitext-2-raw-v1,gpt2
s0_L5_H8_E208_T60000,0,5,8,208,23533952,60000,59392,8.659355020523071,5763.8159203981395,0.002479722985299304,8386370863104.0,0.002523673032051735,wikitext,wikitext-2-raw-v1,gpt2
s0_L5_H8_E208_T1000000,0,5,8,208,23533952,1000000,999424,6.711298131942749,821.6365400991381,0.007262596511282027,141122378661888.0,0.04246732550487058,wikitext,wikitext-2-raw-v1,gpt2
s0_L5_H8_E208_T1200000,0,5,8,208,23533952,1200000,1198080,6.653697180747986,775.6467370316429,0.00856647128239274,169173343272960.0,0.05090857668104363,wikitext,wikitext-2-raw-v1,gpt2
s0_L5_H8_E208_T1600000,0,5,8,208,23533952,1600000,1599488,6.491022443771362,659.1970106508633,0.00964472838677466,225853642899456.0,0.06796512544939329,wikitext,wikitext-2-raw-v1,gpt2
s0_L5_H8_E224_T20000,0,5,8,224,25559296,20000,18432,9.98807635307312,21765.389577109043,0.006155165319796652,2826653663232.0,0.000721146623130778,wikitext,wikitext-2-raw-v1,gpt2
s0_L5_H8_E224_T40000,0,5,8,224,25559296,40000,38912,9.219019365310668,10087.167649913774,0.003277338604675606,5967379955712.0,0.0015224206488316423,wikitext,wikitext-2-raw-v1,gpt2
s0_L5_H8_E224_T60000,0,5,8,224,25559296,60000,59392,8.568236923217773,5261.844571327037,0.0027016974345315248,9108106248192.0,0.0023236946745325065,wikitext,wikitext-2-raw-v1,gpt2
s0_L5_H8_E224_T1000000,0,5,8,224,25559296,1000000,999424,6.661773681640625,781.9366145055495,0.00797918060561642,153267443073024.0,0.03910217245420218,wikitext,wikitext-2-raw-v1,gpt2
s0_L5_H8_E224_T1200000,0,5,8,224,25559296,1200000,1198080,6.579003381729126,719.8215843070167,0.008993467316031456,183732488110080.0,0.046874530503500565,wikitext,wikitext-2-raw-v1,gpt2
s0_L5_H8_E224_T1600000,0,5,8,224,25559296,1600000,1599488,6.46728744506836,643.7351894723267,0.010653102770447731,245290723442688.0,0.0625795014072375,wikitext,wikitext-2-raw-v1,gpt2
s0_L6_H8_E256_T20000,0,6,8,256,30489600,20000,18432,9.769044494628906,17484.05312776215,0.005571232934016734,3371905843200.0,0.0006045340050377833,wikitext,wikitext-2-raw-v1,gpt2
s0_L6_H8_E256_T40000,0,6,8,256,30489600,40000,38912,8.983349132537843,7969.277637943717,0.0034847449278458953,7118467891200.0,0.001276238455079765,wikitext,wikitext-2-raw-v1,gpt2
s0_L6_H8_E256_T60000,0,6,8,256,30489600,60000,59392,8.341701316833497,4195.221073650549,0.0031594996980857104,10865029939200.0,0.0019479429051217465,wikitext,wikitext-2-raw-v1,gpt2
s0_L6_H8_E256_T1000000,0,6,8,256,30489600,1000000,999424,6.656327700614929,777.6897771338324,0.008475406735669822,182832227942400.0,0.0327791771620487,wikitext,wikitext-2-raw-v1,gpt2
s0_L6_H8_E256_T1200000,0,6,8,256,30489600,1200000,1198080,6.508754539489746,670.9902051611112,0.009427296463400126,219173879808000.0,0.03929471032745592,wikitext,wikitext-2-raw-v1,gpt2
s0_L6_H8_E256_T1600000,0,6,8,256,30489600,1600000,1599488,6.4281083106994625,619.0018805340588,0.012619449757039547,292606495948800.0,0.052460117548278756,wikitext,wikitext-2-raw-v1,gpt2
s1_L2_H2_E64_T20000,1,2,2,64,6540032,20000,18432,10.930422592163087,55849.87644126825,0.0034436341375112534,723275218944.0,0.0028183348338356755,wikitext,wikitext-2-raw-v1,gpt2
s1_L2_H2_E64_T40000,1,2,2,64,6540032,40000,38912,10.830046033859253,50516.03218340993,0.0034796384279616177,1526914351104.0,0.005949817982541981,wikitext,wikitext-2-raw-v1,gpt2
s1_L2_H2_E64_T60000,1,2,2,64,6540032,60000,59392,10.675984430313111,43303.31328352406,0.003391768637811765,2330553483264.0,0.009081301131248288,wikitext,wikitext-2-raw-v1,gpt2
s1_L2_H2_E64_T80000,1,2,2,64,6540032,80000,79872,10.416596698760987,33409.53772273245,0.0032805096416268498,3134192615424.0,0.012212784279954593,wikitext,wikitext-2-raw-v1,gpt2
s1_L2_H2_E64_T100000,1,2,2,64,6540032,100000,98304,10.078879976272583,23834.275632790534,0.002872933924663812,3857467834368.0,0.01503111911379027,wikitext,wikitext-2-raw-v1,gpt2
s1_L2_H2_E64_T150000,1,2,2,64,6540032,150000,149504,9.288234853744507,10810.085865373665,0.0019449173560133204,5866565664768.0,0.022859826985556032,wikitext,wikitext-2-raw-v1,gpt2
s1_L2_H2_E64_T200000,1,2,2,64,6540032,200000,198656,8.74151782989502,6257.386155766847,0.001599786919541657,7795299581952.0,0.030375386542451168,wikitext,wikitext-2-raw-v1,gpt2
s1_L2_H2_E64_T250000,1,2,2,64,6540032,250000,249856,8.30751600265503,4054.2297695681714,0.0016738378762966022,9804397412352.0,0.03820409441421693,wikitext,wikitext-2-raw-v1,gpt2
s1_L2_H2_E64_T300000,1,2,2,64,6540032,300000,299008,8.001540088653565,2985.5524636568503,0.0015878979611443356,11733131329536.0,0.045719653971112065,wikitext,wikitext-2-raw-v1,gpt2
s1_L2_H2_E64_T400000,1,2,2,64,6540032,400000,399360,7.642553162574768,2085.060524971257,0.00141836293914821,15670963077120.0,0.061063921399772965,wikitext,wikitext-2-raw-v1,gpt2
s1_L2_H2_E64_T500000,1,2,2,64,6540032,500000,499712,7.546450257301331,1894.0075448687792,0.00152488867752254,19608794824704.0,0.07640818882843387,wikitext,wikitext-2-raw-v1,gpt2
s1_L2_H2_E64_T600000,1,2,2,64,6540032,600000,598016,7.485339951515198,1781.7297685809735,0.0021576217259280384,23466262659072.0,0.09143930794222413,wikitext,wikitext-2-raw-v1,gpt2
s1_L2_H2_E64_T800000,1,2,2,64,6540032,800000,798720,7.378964138031006,1601.929530215108,0.0021722302335547283,31341926154240.0,0.12212784279954593,wikitext,wikitext-2-raw-v1,gpt2
s1_L2_H2_E64_T1000000,1,2,2,64,6540032,1000000,999424,7.233105754852295,1384.5158003382078,0.002468970575137064,39217589649408.0,0.15281637765686773,wikitext,wikitext-2-raw-v1,gpt2
s1_L2_H2_E64_T1200000,1,2,2,64,6540032,1200000,1198080,7.1268981218338014,1245.0091046373577,0.0025342695298604667,47012889231360.0,0.1831917641993189,wikitext,wikitext-2-raw-v1,gpt2
s1_L2_H2_E64_T1600000,1,2,2,64,6540032,1600000,1599488,7.028522586822509,1128.3623207517655,0.0029414482705760747,62764216221696.0,0.2445688339139625,wikitext,wikitext-2-raw-v1,gpt2
s1_L2_H2_E80_T20000,1,2,2,80,8205760,20000,18432,10.880299186706543,53119.49018623325,0.003806973312748596,907491409920.0,0.0022462270405178802,wikitext,wikitext-2-raw-v1,gpt2
s1_L2_H2_E80_T40000,1,2,2,80,8205760,40000,38912,10.720707511901855,45283.93043041881,0.0037675164930988103,1915815198720.0,0.004742034863315525,wikitext,wikitext-2-raw-v1,gpt2
s1_L2_H2_E80_T60000,1,2,2,80,8205760,60000,59392,10.411645650863647,33244.53430820238,0.0034782576258294284,2924138987520.0,0.007237842686113169,wikitext,wikitext-2-raw-v1,gpt2
s1_L2_H2_E80_T80000,1,2,2,80,8205760,80000,79872,9.968212127685547,21337.302854847334,0.0031313987565226853,3932462776320.0,0.009733650508910814,wikitext,wikitext-2-raw-v1,gpt2
s1_L2_H2_E80_T100000,1,2,2,80,8205760,100000,98304,9.581836462020874,14499.021770376201,0.0023161108838394284,4839954186240.0,0.011979877549428693,wikitext,wikitext-2-raw-v1,gpt2
s1_L2_H2_E80_T150000,1,2,2,80,8205760,150000,149504,8.833808898925781,6862.375193588541,0.0017546475428389385,7360763658240.0,0.018219397106422806,wikitext,wikitext-2-raw-v1,gpt2
s1_L2_H2_E80_T200000,1,2,2,80,8205760,200000,198656,8.299714660644531,4022.724388460311,0.0016319788264809176,9780740751360.0,0.02420933588113715,wikitext,wikitext-2-raw-v1,gpt2
s1_L2_H2_E80_T250000,1,2,2,80,8205760,250000,249856,7.942865347862243,2815.4161082681535,0.0015986873768270016,12301550223360.0,0.030448855438131264,wikitext,wikitext-2-raw-v1,gpt2
s1_L2_H2_E80_T300000,1,2,2,80,8205760,300000,299008,7.685652232170105,2176.889347938902,0.00157199076784309,14721527316480.0,0.03643879421284561,wikitext,wikitext-2-raw-v1,gpt2
s1_L2_H2_E80_T400000,1,2,2,80,8205760,400000,399360,7.491700887680054,1793.0993601892842,0.0017888153524836525,19662313881600.0,0.04866825254455407,wikitext,wikitext-2-raw-v1,gpt2
s1_L2_H2_E80_T500000,1,2,2,80,8205760,500000,499712,7.4673902750015255,1750.0336144697737,0.0021103474573465064,24603100446720.0,0.06089771087626253,wikitext,wikitext-2-raw-v1,gpt2
s1_L2_H2_E80_T600000,1,2,2,80,8205760,600000,598016,7.387810778617859,1616.1640962224847,0.0022070185223128647,29443054632960.0,0.07287758842569123,wikitext,wikitext-2-raw-v1,gpt2
s1_L2_H2_E80_T800000,1,2,2,80,8205760,800000,798720,7.243214678764343,1398.582746269941,0.0025752817164175212,39324627763200.0,0.09733650508910814,wikitext,wikitext-2-raw-v1,gpt2
s1_L2_H2_E80_T1000000,1,2,2,80,8205760,1000000,999424,7.170403480529785,1300.3691706123368,0.002762323652859777,49206200893440.0,0.12179542175252506,wikitext,wikitext-2-raw-v1,gpt2
s1_L2_H2_E80_T1200000,1,2,2,80,8205760,1200000,1198080,7.043848323822021,1145.7884983426436,0.0028778761334251612,58986941644800.0,0.14600475763366222,wikitext,wikitext-2-raw-v1,gpt2
s1_L2_H2_E80_T1600000,1,2,2,80,8205760,1600000,1599488,6.93873085975647,1031.4603161167652,0.0034028589725494385,78750087905280.0,0.19492259096049605,wikitext,wikitext-2-raw-v1,gpt2
s1_L2_H2_E96_T20000,1,2,2,96,9883776,20000,18432,10.848610401153564,51462.58929139546,0.004294807440601289,1093066555392.0,0.0018648743152414624,wikitext,wikitext-2-raw-v1,gpt2
s1_L2_H2_E96_T40000,1,2,2,96,9883776,40000,38912,10.634310722351074,41535.78909266127,0.004029029398225248,2307584950272.0,0.003936956887731976,wikitext,wikitext-2-raw-v1,gpt2
s1_L2_H2_E96_T60000,1,2,2,96,9883776,60000,59392,10.220031023025513,27447.517975829956,0.003737959632417187,3522103345152.0,0.00600903946022249,wikitext,wikitext-2-raw-v1,gpt2
s1_L2_H2_E96_T1000000,1,2,2,96,9883776,1000000,999424,7.0208851337432865,1119.7773319259848,0.0031903772323857993,59268497670144.0,0.10111762953753707,wikitext,wikitext-2-raw-v1,gpt2
s1_L2_H2_E96_T1200000,1,2,2,96,9883776,1200000,1198080,7.005083084106445,1102.221628305089,0.003496390476357192,71049326100480.0,0.12121683049069505,wikitext,wikitext-2-raw-v1,gpt2
s1_L2_H2_E96_T1600000,1,2,2,96,9883776,1600000,1599488,6.895335745811463,987.6572709455241,0.003714649414177984,94853886640128.0,0.1618296489115091,wikitext,wikitext-2-raw-v1,gpt2
s1_L2_H2_E128_T20000,1,2,2,128,13276672,20000,18432,10.796844816207885,48866.375248300814,0.004678567638620734,1468293709824.0,0.0013882997184836681,wikitext,wikitext-2-raw-v1,gpt2
s1_L2_H2_E128_T40000,1,2,2,128,13276672,40000,38912,10.383885383605957,32334.349094117886,0.004481200478039682,3099731165184.0,0.0029308549612432995,wikitext,wikitext-2-raw-v1,gpt2
s1_L2_H2_E128_T60000,1,2,2,128,13276672,60000,59392,9.717192697525025,16600.5764148019,0.0033278413757216185,4731168620544.0,0.004473410204002931,wikitext,wikitext-2-raw-v1,gpt2
s1_L2_H2_E128_T1000000,1,2,2,128,13276672,1000000,999424,6.971594834327698,1065.9213636561872,0.003627087833592668,79614147821568.0,0.07527669584667,wikitext,wikitext-2-raw-v1,gpt2
s1_L2_H2_E128_T1200000,1,2,2,128,13276672,1200000,1198080,6.8703522205352785,963.2877958096882,0.003930976730771363,95439091138560.0,0.09023948170143843,wikitext,wikitext-2-raw-v1,gpt2
s1_L2_H2_E128_T1600000,1,2,2,128,13276672,1600000,1599488,6.800430417060852,898.233823621794,0.005148864409420639,127415265263616.0,0.12047356445952721,wikitext,wikitext-2-raw-v1,gpt2
s1_L3_H4_E136_T20000,1,3,4,136,14355072,20000,18432,10.66699676513672,42915.86135493958,0.005696638079825789,1587556122624.0,0.0012840060990289704,wikitext,wikitext-2-raw-v1,gpt2
s1_L3_H4_E136_T40000,1,3,4,136,14355072,40000,38912,10.034093427658082,22790.371603513806,0.004347839334513992,3351507369984.0,0.002710679542394493,wikitext,wikitext-2-raw-v1,gpt2
s1_L3_H4_E136_T60000,1,3,4,136,14355072,60000,59392,9.449595212936401,12703.02220375749,0.0029200110002420843,5115458617344.0,0.004137352985760016,wikitext,wikitext-2-raw-v1,gpt2
s1_L3_H4_E136_T1000000,1,3,4,136,14355072,1000000,999424,6.87780077457428,970.4896855470524,0.004132164380280301,86080820871168.0,0.0696216640362375,wikitext,wikitext-2-raw-v1,gpt2
s1_L3_H4_E136_T1200000,1,3,4,136,14355072,1200000,1198080,6.861093163490295,954.4098234097232,0.005258808087091893,103191147970560.0,0.08346039643688308,wikitext,wikitext-2-raw-v1,gpt2
s1_L3_H4_E136_T1600000,1,3,4,136,14355072,1600000,1599488,6.744651508331299,849.5030303582107,0.006018456537276506,137764592418816.0,0.11142319592684732,wikitext,wikitext-2-raw-v1,gpt2
s1_L3_H4_E144_T20000,1,3,4,144,15240960,20000,18432,10.642349815368652,41871.04493564207,0.005883248057216406,1685528248320.0,0.0012093726379440665,wikitext,wikitext-2-raw-v1,gpt2
s1_L3_H4_E144_T40000,1,3,4,144,15240960,40000,38912,10.01240096092224,22301.31581628937,0.0044879604247398674,3558337413120.0,0.0025531200134374737,wikitext,wikitext-2-raw-v1,gpt2
s1_L3_H4_E144_T60000,1,3,4,144,15240960,60000,59392,9.417657899856568,12303.731875520982,0.003031079948414117,5431146577920.0,0.003896867388930881,wikitext,wikitext-2-raw-v1,gpt2
s1_L3_H4_E144_T1000000,1,3,4,144,15240960,1000000,999424,6.898769760131836,991.0547302808795,0.004816768749151379,91393087242240.0,0.06557487192407828,wikitext,wikitext-2-raw-v1,gpt2
s1_L3_H4_E144_T1200000,1,3,4,144,15240960,1200000,1198080,6.846442031860351,940.5285757577781,0.005249026231467724,109559336140800.0,0.07860922146636433,wikitext,wikitext-2-raw-v1,gpt2
s1_L3_H4_E144_T1600000,1,3,4,144,15240960,1600000,1599488,6.6944678783416744,807.9239059983574,0.007449246826581657,146266395770880.0,0.10494667002603511,wikitext,wikitext-2-raw-v1,gpt2
s1_L3_H4_E160_T20000,1,3,4,160,17026560,20000,18432,10.503342723846435,36437.098488421005,0.006039774976670742,1883001323520.0,0.0010825439783491205,wikitext,wikitext-2-raw-v1,gpt2
s1_L3_H4_E160_T40000,1,3,4,160,17026560,40000,38912,9.748254299163818,17124.308781022108,0.004017725266749039,3975225016320.0,0.002285370620959254,wikitext,wikitext-2-raw-v1,gpt2
s1_L3_H4_E160_T60000,1,3,4,160,17026560,60000,59392,9.155002355575562,9461.65274514811,0.0025279480032622814,6067448709120.0,0.0034881972635693883,wikitext,wikitext-2-raw-v1,gpt2
s1_L3_H4_E160_T1000000,1,3,4,160,17026560,1000000,999424,6.837684416770935,932.3277507590896,0.005298157513607293,102100516208640.0,0.05869794015937453,wikitext,wikitext-2-raw-v1,gpt2
s1_L3_H4_E160_T1200000,1,3,4,160,17026560,1200000,1198080,6.78939836025238,888.3789169475746,0.005799305974505842,122395086028800.0,0.07036535859269283,wikitext,wikitext-2-raw-v1,gpt2
s1_L3_H4_E160_T1600000,1,3,4,160,17026560,1600000,1599488,6.6642249584197994,783.8557087260756,0.007279035693500191,163402670407680.0,0.09394076078785145,wikitext,wikitext-2-raw-v1,gpt2
s1_L4_H4_E192_T20000,1,4,4,192,21096192,20000,18432,10.259153604507446,28542.617622656504,0.0065082566579803824,2333070065664.0,0.0008737121846445084,wikitext,wikitext-2-raw-v1,gpt2
s1_L4_H4_E192_T40000,1,4,4,192,21096192,40000,38912,9.458505344390868,12816.713551723582,0.0035843132354784757,4925370138624.0,0.0018445035009161843,wikitext,wikitext-2-raw-v1,gpt2
s1_L4_H4_E192_T60000,1,4,4,192,21096192,60000,59392,8.854191303253174,7003.682094586351,0.002588154311524704,7517670211584.0,0.0028152948171878602,wikitext,wikitext-2-raw-v1,gpt2
s1_L4_H4_E192_T1000000,1,4,4,192,21096192,1000000,999424,6.751303052902221,855.1723716635672,0.007365305908024311,126504243560448.0,0.04737461623405779,wikitext,wikitext-2-raw-v1,gpt2
s1_L4_H4_E192_T1200000,1,4,4,192,21096192,1200000,1198080,6.68798520565033,802.7033396505709,0.007671690080314875,151649554268160.0,0.05679129200189304,wikitext,wikitext-2-raw-v1,gpt2
s1_L4_H4_E192_T1600000,1,4,4,192,21096192,1600000,1599488,6.584798145294189,724.0048891222423,0.00892491388367489,202458635698176.0,0.07581880180081789,wikitext,wikitext-2-raw-v1,gpt2
s1_L5_H8_E200_T20000,1,5,8,200,22532800,20000,18432,10.109802770614625,24582.811805431866,0.006271549733355641,2491947417600.0,0.0008180075268053681,wikitext,wikitext-2-raw-v1,gpt2
s1_L5_H8_E200_T40000,1,5,8,200,22532800,40000,38912,9.38583722114563,11918.382333650266,0.003582222358090803,5260777881600.0,0.0017269047788113327,wikitext,wikitext-2-raw-v1,gpt2
s1_L5_H8_E200_T60000,1,5,8,200,22532800,60000,59392,8.768415307998657,6427.978023613546,0.002591502998257056,8029608345600.0,0.0026358020308172975,wikitext,wikitext-2-raw-v1,gpt2
s1_L5_H8_E200_T1000000,1,5,8,200,22532800,1000000,999424,6.7216644287109375,830.1981678269993,0.007547133427578956,135118926643200.0,0.04435418589789107,wikitext,wikitext-2-raw-v1,gpt2
s1_L5_H8_E200_T1200000,1,5,8,200,22532800,1200000,1198080,6.674626994132995,792.0519587405954,0.008456939016468823,161976582144000.0,0.053170489242348934,wikitext,wikitext-2-raw-v1,gpt2
s1_L5_H8_E200_T1600000,1,5,8,200,22532800,1600000,1599488,6.545971298217774,696.4327944735975,0.01083711872342974,216245659238400.0,0.07098487538166584,wikitext,wikitext-2-raw-v1,gpt2
s1_L5_H8_E208_T20000,1,5,8,208,23533952,20000,18432,10.012704372406006,22308.083318228088,0.006186799088027328,2602666819584.0,0.0007832088720160558,wikitext,wikitext-2-raw-v1,gpt2
s1_L5_H8_E208_T40000,1,5,8,208,23533952,40000,38912,9.252043533325196,10425.849533024004,0.0032805390655994415,5494518841344.0,0.0016534409520338955,wikitext,wikitext-2-raw-v1,gpt2
s1_L5_H8_E208_T60000,1,5,8,208,23533952,60000,59392,8.656372165679931,5746.648910243217,0.0025977131735999137,8386370863104.0,0.002523673032051735,wikitext,wikitext-2-raw-v1,gpt2
s1_L5_H8_E208_T1000000,1,5,8,208,23533952,1000000,999424,6.711913442611694,822.1422573989252,0.0077295778901316226,141122378661888.0,0.04246732550487058,wikitext,wikitext-2-raw-v1,gpt2
s1_L5_H8_E208_T1200000,1,5,8,208,23533952,1200000,1198080,6.59246416091919,729.576450467322,0.008782414952293038,169173343272960.0,0.05090857668104363,wikitext,wikitext-2-raw-v1,gpt2
s1_L5_H8_E208_T1600000,1,5,8,208,23533952,1600000,1599488,6.518131136894226,677.3113995110027,0.01047567033674568,225853642899456.0,0.06796512544939329,wikitext,wikitext-2-raw-v1,gpt2
s1_L5_H8_E224_T20000,1,5,8,224,25559296,20000,18432,9.962474298477172,21215.223625115043,0.006591535347979516,2826653663232.0,0.000721146623130778,wikitext,wikitext-2-raw-v1,gpt2
s1_L5_H8_E224_T40000,1,5,8,224,25559296,40000,38912,9.175963830947875,9662.076193223926,0.0036177157307974994,5967379955712.0,0.0015224206488316423,wikitext,wikitext-2-raw-v1,gpt2
s1_L5_H8_E224_T60000,1,5,8,224,25559296,60000,59392,8.547232913970948,5152.477335265484,0.0024478196282871068,9108106248192.0,0.0023236946745325065,wikitext,wikitext-2-raw-v1,gpt2
s1_L5_H8_E224_T1000000,1,5,8,224,25559296,1000000,999424,6.705616402626037,816.9814606552006,0.007837501703761518,153267443073024.0,0.03910217245420218,wikitext,wikitext-2-raw-v1,gpt2
s1_L5_H8_E224_T1200000,1,5,8,224,25559296,1200000,1198080,6.593330454826355,730.2087519410871,0.009495567879639566,183732488110080.0,0.046874530503500565,wikitext,wikitext-2-raw-v1,gpt2
s1_L5_H8_E224_T1600000,1,5,8,224,25559296,1600000,1599488,6.450816202163696,633.2189165986678,0.011102367308922112,245290723442688.0,0.0625795014072375,wikitext,wikitext-2-raw-v1,gpt2
s1_L6_H8_E256_T20000,1,6,8,256,30489600,20000,18432,9.746259450912476,17090.182433354235,0.0052053125109523535,3371905843200.0,0.0006045340050377833,wikitext,wikitext-2-raw-v1,gpt2
s1_L6_H8_E256_T40000,1,6,8,256,30489600,40000,38912,8.939942121505737,7630.7553862337545,0.003152767108986154,7118467891200.0,0.001276238455079765,wikitext,wikitext-2-raw-v1,gpt2
s1_L6_H8_E256_T60000,1,6,8,256,30489600,60000,59392,8.307750701904297,4055.181405921246,0.002666543092345819,10865029939200.0,0.0019479429051217465,wikitext,wikitext-2-raw-v1,gpt2
s1_L6_H8_E256_T1000000,1,6,8,256,30489600,1000000,999424,6.63402955532074,760.5406449601659,0.008911598357371986,182832227942400.0,0.0327791771620487,wikitext,wikitext-2-raw-v1,gpt2
s1_L6_H8_E256_T1200000,1,6,8,256,30489600,1200000,1198080,6.5207130193710325,679.062397407438,0.011067572515457869,219173879808000.0,0.03929471032745592,wikitext,wikitext-2-raw-v1,gpt2
s1_L6_H8_E256_T1600000,1,6,8,256,30489600,1600000,1599488,6.310469293594361,550.3031419625843,0.011858646990731359,292606495948800.0,0.052460117548278756,wikitext,wikitext-2-raw-v1,gpt2
s0_L2_H2_E64_T2000000,0,2,2,64,6540032,2000000,1998848,6.979200315475464,1074.059115023589,0.002948530309367925,78435179298816.0,0.30563275531373546,wikitext,wikitext-2-raw-v1,gpt2
s0_L2_H2_E64_T2500000,0,2,2,64,6540032,2500000,2457600,6.919301176071167,1011.6128082272355,0.0034412982349749655,96436695859200.0,0.37577797784475675,wikitext,wikitext-2-raw-v1,gpt2
s0_L2_H2_E64_T3200000,0,2,2,64,6540032,3200000,2457600,6.919301176071167,1011.6128082272355,0.0034412982349749655,96436695859200.0,0.37577797784475675,wikitext,wikitext-2-raw-v1,gpt2
s0_L2_H2_E80_T2000000,0,2,2,80,8205760,2000000,1998848,6.820358633995056,916.3135723580059,0.0038807305973023176,98412401786880.0,0.24359084350505011,wikitext,wikitext-2-raw-v1,gpt2
s0_L2_H2_E80_T2500000,0,2,2,80,8205760,2500000,2457600,6.794121313095093,892.5846125119049,0.004360632679890841,120998854656000.0,0.29949693873571737,wikitext,wikitext-2-raw-v1,gpt2
s0_L2_H2_E80_T3200000,0,2,2,80,8205760,3200000,2457600,6.794121313095093,892.5846125119049,0.004360632679890841,120998854656000.0,0.29949693873571737,wikitext,wikitext-2-raw-v1,gpt2
s0_L2_H2_E96_T2000000,0,2,2,96,9883776,2000000,1998848,6.796419548988342,894.6383415791067,0.005280723329633474,118536995340288.0,0.20223525907507414,wikitext,wikitext-2-raw-v1,gpt2
s0_L2_H2_E96_T2500000,0,2,2,96,9883776,2500000,2457600,6.756093311309814,859.2786956311552,0.005954131600446999,145742207385600.0,0.24864990869886164,wikitext,wikitext-2-raw-v1,gpt2
s0_L2_H2_E96_T3200000,0,2,2,96,9883776,3200000,2457600,6.756093311309814,859.2786956311552,0.005954131600446999,145742207385600.0,0.24864990869886164,wikitext,wikitext-2-raw-v1,gpt2
s0_L2_H2_E128_T2000000,0,2,2,128,13276672,2000000,1998848,6.752697896957398,856.3660360566428,0.005322050245013088,159228295643136.0,0.15055339169334,wikitext,wikitext-2-raw-v1,gpt2
s0_L2_H2_E128_T2500000,0,2,2,128,13276672,2500000,2457600,6.604265189170837,738.2372051655557,0.007689057383686304,195772494643200.0,0.18510662913115575,wikitext,wikitext-2-raw-v1,gpt2
s0_L2_H2_E128_T3200000,0,2,2,128,13276672,3200000,2457600,6.604265189170837,738.2372051655557,0.007689057383686304,195772494643200.0,0.18510662913115575,wikitext,wikitext-2-raw-v1,gpt2
s0_L3_H4_E136_T2000000,0,3,4,136,14355072,2000000,1998848,6.630629396438598,757.959077288242,0.00761292374227196,172161641742336.0,0.139243328072475,wikitext,wikitext-2-raw-v1,gpt2
s0_L3_H4_E136_T2500000,0,3,4,136,14355072,2500000,2457600,6.54604856967926,696.4866109326649,0.00925628305412829,211674149683200.0,0.1712008132038627,wikitext,wikitext-2-raw-v1,gpt2
s0_L3_H4_E136_T3200000,0,3,4,136,14355072,3200000,2457600,6.54604856967926,696.4866109326649,0.00925628305412829,211674149683200.0,0.1712008132038627,wikitext,wikitext-2-raw-v1,gpt2
s0_L3_H4_E144_T2000000,0,3,4,144,15240960,2000000,1998848,6.672566032409668,790.4212509611131,0.00775351031916216,182786174484480.0,0.13114974384815656,wikitext,wikitext-2-raw-v1,gpt2
s0_L3_H4_E144_T2500000,0,3,4,144,15240960,2500000,2457600,6.49227123260498,660.0207227310962,0.01133432041388005,224737099776000.0,0.16124968505920886,wikitext,wikitext-2-raw-v1,gpt2
s0_L3_H4_E144_T3200000,0,3,4,144,15240960,3200000,2457600,6.49227123260498,660.0207227310962,0.01133432041388005,224737099776000.0,0.16124968505920886,wikitext,wikitext-2-raw-v1,gpt2
s0_L3_H4_E160_T2000000,0,3,4,160,17026560,2000000,1998848,6.566713047027588,711.0288794330081,0.009382284013554454,204201032417280.0,0.11739588031874906,wikitext,wikitext-2-raw-v1,gpt2
s0_L3_H4_E160_T2500000,0,3,4,160,17026560,2500000,2457600,6.496917080879212,663.0942128229146,0.011078999959863722,251066843136000.0,0.14433919711321605,wikitext,wikitext-2-raw-v1,gpt2
s0_L3_H4_E160_T3200000,0,3,4,160,17026560,3200000,2457600,6.496917080879212,663.0942128229146,0.011078999959863722,251066843136000.0,0.14433919711321605,wikitext,wikitext-2-raw-v1,gpt2
s0_L4_H4_E192_T2000000,0,4,4,192,21096192,2000000,1998848,6.504518342018128,668.1537702414826,0.011318854289129376,253008487120896.0,0.09474923246811558,wikitext,wikitext-2-raw-v1,gpt2
s0_L4_H4_E192_T2500000,0,4,4,192,21096192,2500000,2457600,6.347782874107361,571.2248266519482,0.01237571204546839,311076008755200.0,0.11649495795260112,wikitext,wikitext-2-raw-v1,gpt2
s0_L4_H4_E192_T3200000,0,4,4,192,21096192,3200000,2457600,6.347782874107361,571.2248266519482,0.01237571204546839,311076008755200.0,0.11649495795260112,wikitext,wikitext-2-raw-v1,gpt2
s0_L5_H8_E200_T2000000,0,5,8,200,22532800,2000000,1998848,6.430450415611267,620.4533469586988,0.012213131762109697,270237853286400.0,0.08870837179578214,wikitext,wikitext-2-raw-v1,gpt2
s0_L5_H8_E200_T2500000,0,5,8,200,22532800,2500000,2457600,6.327157378196716,559.5637029500658,0.01413937215693295,332259655680000.0,0.10906767024071576,wikitext,wikitext-2-raw-v1,gpt2
s0_L5_H8_E200_T3200000,0,5,8,200,22532800,3200000,2457600,6.327157378196716,559.5637029500658,0.01413937215693295,332259655680000.0,0.10906767024071576,wikitext,wikitext-2-raw-v1,gpt2
s0_L5_H8_E208_T2000000,0,5,8,208,23533952,2000000,1998848,6.4017414331436155,602.8940238727521,0.011805165559053421,282244757323776.0,0.08493465100974117,wikitext,wikitext-2-raw-v1,gpt2
s0_L5_H8_E208_T2500000,0,5,8,208,23533952,2500000,2457600,6.293285346031189,540.9275471989387,0.013786083902232349,347022242611200.0,0.10442784960214077,wikitext,wikitext-2-raw-v1,gpt2
s0_L5_H8_E208_T3200000,0,5,8,208,23533952,3200000,2457600,6.293285346031189,540.9275471989387,0.013786083902232349,347022242611200.0,0.10442784960214077,wikitext,wikitext-2-raw-v1,gpt2
s0_L5_H8_E224_T2000000,0,5,8,224,25559296,2000000,1998848,6.330399465560913,561.3808013651227,0.012313118786551058,306534886146048.0,0.07820434490840436,wikitext,wikitext-2-raw-v1,gpt2
s0_L5_H8_E224_T2500000,0,5,8,224,25559296,2500000,2457600,6.231713819503784,508.62643085667173,0.014211586792953312,376887155097600.0,0.09615288308410372,wikitext,wikitext-2-raw-v1,gpt2
s0_L5_H8_E224_T3200000,0,5,8,224,25559296,3200000,2457600,6.231713819503784,508.62643085667173,0.014211586792953312,376887155097600.0,0.09615288308410372,wikitext,wikitext-2-raw-v1,gpt2
s0_L6_H8_E256_T2000000,0,6,8,256,30489600,2000000,1998848,6.296583104133606,542.714339986419,0.013748782919719815,365664455884800.0,0.0655583543240974,wikitext,wikitext-2-raw-v1,gpt2
s0_L6_H8_E256_T2500000,0,6,8,256,30489600,2500000,2457600,6.194439959526062,490.0169388192535,0.016269391286186874,449587445760000.0,0.08060453400503778,wikitext,wikitext-2-raw-v1,gpt2
s0_L6_H8_E256_T3200000,0,6,8,256,30489600,3200000,2457600,6.194439959526062,490.0169388192535,0.016269391286186874,449587445760000.0,0.08060453400503778,wikitext,wikitext-2-raw-v1,gpt2
s1_L2_H2_E64_T2000000,1,2,2,64,6540032,2000000,1998848,6.951756143569947,1044.9832583678397,0.003111539699602872,78435179298816.0,0.30563275531373546,wikitext,wikitext-2-raw-v1,gpt2
s1_L2_H2_E64_T2500000,1,2,2,64,6540032,2500000,2457600,6.849684238433838,943.5829124082609,0.003698557586176321,96436695859200.0,0.37577797784475675,wikitext,wikitext-2-raw-v1,gpt2
s1_L2_H2_E64_T3200000,1,2,2,64,6540032,3200000,2457600,6.849684238433838,943.5829124082609,0.003698557586176321,96436695859200.0,0.37577797784475675,wikitext,wikitext-2-raw-v1,gpt2
s1_L2_H2_E80_T2000000,1,2,2,80,8205760,2000000,1998848,6.900095820426941,992.3698003473754,0.004201028001261875,98412401786880.0,0.24359084350505011,wikitext,wikitext-2-raw-v1,gpt2
s1_L2_H2_E80_T2500000,1,2,2,80,8205760,2500000,2457600,6.81622314453125,912.5319919663767,0.0046882982132956386,120998854656000.0,0.29949693873571737,wikitext,wikitext-2-raw-v1,gpt2
s1_L2_H2_E80_T3200000,1,2,2,80,8205760,3200000,2457600,6.81622314453125,912.5319919663767,0.0046882982132956386,120998854656000.0,0.29949693873571737,wikitext,wikitext-2-raw-v1,gpt2
s1_L2_H2_E96_T2000000,1,2,2,96,9883776,2000000,1998848,6.806395936012268,903.6082692595216,0.004546258540358394,118536995340288.0,0.20223525907507414,wikitext,wikitext-2-raw-v1,gpt2
s1_L2_H2_E96_T2500000,1,2,2,96,9883776,2500000,2457600,6.734866380691528,841.2310718629868,0.0052308523445390165,145742207385600.0,0.24864990869886164,wikitext,wikitext-2-raw-v1,gpt2
s1_L2_H2_E96_T3200000,1,2,2,96,9883776,3200000,2457600,6.734866380691528,841.2310718629868,0.0052308523445390165,145742207385600.0,0.24864990869886164,wikitext,wikitext-2-raw-v1,gpt2
s1_L2_H2_E128_T2000000,1,2,2,128,13276672,2000000,1998848,6.71868326663971,827.7268979956636,0.005803328764159232,159228295643136.0,0.15055339169334,wikitext,wikitext-2-raw-v1,gpt2
s1_L2_H2_E128_T2500000,1,2,2,128,13276672,2500000,2457600,6.610738062858582,743.0312201345328,0.007271786977071315,195772494643200.0,0.18510662913115575,wikitext,wikitext-2-raw-v1,gpt2
s1_L2_H2_E128_T3200000,1,2,2,128,13276672,3200000,2457600,6.610738062858582,743.0312201345328,0.007271786977071315,195772494643200.0,0.18510662913115575,wikitext,wikitext-2-raw-v1,gpt2
s1_L3_H4_E136_T2000000,1,3,4,136,14355072,2000000,1998848,6.635317969322204,761.5211676997891,0.008694896125234663,172161641742336.0,0.139243328072475,wikitext,wikitext-2-raw-v1,gpt2
s1_L3_H4_E136_T2500000,1,3,4,136,14355072,2500000,2457600,6.567311191558838,711.4543046890132,0.010782941593788564,211674149683200.0,0.1712008132038627,wikitext,wikitext-2-raw-v1,gpt2
s1_L3_H4_E136_T3200000,1,3,4,136,14355072,3200000,2457600,6.567311191558838,711.4543046890132,0.010782941593788564,211674149683200.0,0.1712008132038627,wikitext,wikitext-2-raw-v1,gpt2
s1_L3_H4_E144_T2000000,1,3,4,144,15240960,2000000,1998848,6.590751910209656,728.3283015492296,0.008973752264864743,182786174484480.0,0.13114974384815656,wikitext,wikitext-2-raw-v1,gpt2
s1_L3_H4_E144_T2500000,1,3,4,144,15240960,2500000,2457600,6.470723628997803,645.9509867484783,0.01001329394057393,224737099776000.0,0.16124968505920886,wikitext,wikitext-2-raw-v1,gpt2
s1_L3_H4_E144_T3200000,1,3,4,144,15240960,3200000,2457600,6.470723628997803,645.9509867484783,0.01001329394057393,224737099776000.0,0.16124968505920886,wikitext,wikitext-2-raw-v1,gpt2
s1_L3_H4_E160_T2000000,1,3,4,160,17026560,2000000,1998848,6.572705507278442,715.3024836432955,0.009258374921046197,204201032417280.0,0.11739588031874906,wikitext,wikitext-2-raw-v1,gpt2
s1_L3_H4_E160_T2500000,1,3,4,160,17026560,2500000,2457600,6.393166208267212,597.7461755651617,0.011082493816502392,251066843136000.0,0.14433919711321605,wikitext,wikitext-2-raw-v1,gpt2
s1_L3_H4_E160_T3200000,1,3,4,160,17026560,3200000,2457600,6.393166208267212,597.7461755651617,0.011082493816502392,251066843136000.0,0.14433919711321605,wikitext,wikitext-2-raw-v1,gpt2
s1_L4_H4_E192_T2000000,1,4,4,192,21096192,2000000,1998848,6.470862603187561,646.0407635016662,0.011195571743883193,253008487120896.0,0.09474923246811558,wikitext,wikitext-2-raw-v1,gpt2
s1_L4_H4_E192_T2500000,1,4,4,192,21096192,2500000,2457600,6.336118412017822,564.6005059938623,0.011829191818833351,311076008755200.0,0.11649495795260112,wikitext,wikitext-2-raw-v1,gpt2
s1_L4_H4_E192_T3200000,1,4,4,192,21096192,3200000,2457600,6.336118412017822,564.6005059938623,0.011829191818833351,311076008755200.0,0.11649495795260112,wikitext,wikitext-2-raw-v1,gpt2
s1_L5_H8_E200_T2000000,1,5,8,200,22532800,2000000,1998848,6.427390837669373,618.5579226621453,0.012498592375777662,270237853286400.0,0.08870837179578214,wikitext,wikitext-2-raw-v1,gpt2
s1_L5_H8_E200_T2500000,1,5,8,200,22532800,2500000,2457600,6.269249320030212,528.0808093622722,0.013223291956819594,332259655680000.0,0.10906767024071576,wikitext,wikitext-2-raw-v1,gpt2
s1_L5_H8_E200_T3200000,1,5,8,200,22532800,3200000,2457600,6.269249320030212,528.0808093622722,0.013223291956819594,332259655680000.0,0.10906767024071576,wikitext,wikitext-2-raw-v1,gpt2
s1_L5_H8_E208_T2000000,1,5,8,208,23533952,2000000,1998848,6.391014170646668,596.4611864761666,0.012392821372486651,282244757323776.0,0.08493465100974117,wikitext,wikitext-2-raw-v1,gpt2
s1_L5_H8_E208_T2500000,1,5,8,208,23533952,2500000,2457600,6.282562518119812,535.1582610081084,0.013968547456897795,347022242611200.0,0.10442784960214077,wikitext,wikitext-2-raw-v1,gpt2
s1_L5_H8_E208_T3200000,1,5,8,208,23533952,3200000,2457600,6.282562518119812,535.1582610081084,0.013968547456897795,347022242611200.0,0.10442784960214077,wikitext,wikitext-2-raw-v1,gpt2
s1_L5_H8_E224_T2000000,1,5,8,224,25559296,2000000,1998848,6.3360191822052006,564.5444835710396,0.012339326436631382,306534886146048.0,0.07820434490840436,wikitext,wikitext-2-raw-v1,gpt2
s1_L5_H8_E224_T2500000,1,5,8,224,25559296,2500000,2457600,6.242525696754456,514.1554731966307,0.01451222994364798,376887155097600.0,0.09615288308410372,wikitext,wikitext-2-raw-v1,gpt2
s1_L5_H8_E224_T3200000,1,5,8,224,25559296,3200000,2457600,6.242525696754456,514.1554731966307,0.01451222994364798,376887155097600.0,0.09615288308410372,wikitext,wikitext-2-raw-v1,gpt2
s1_L6_H8_E256_T2000000,1,6,8,256,30489600,2000000,1998848,6.27979850769043,533.68112034982,0.012885662959888577,365664455884800.0,0.0655583543240974,wikitext,wikitext-2-raw-v1,gpt2
s1_L6_H8_E256_T2500000,1,6,8,256,30489600,2500000,2457600,6.171780252456665,479.0381562865645,0.015030515613034368,449587445760000.0,0.08060453400503778,wikitext,wikitext-2-raw-v1,gpt2
s1_L6_H8_E256_T3200000,1,6,8,256,30489600,3200000,2457600,6.171780252456665,479.0381562865645,0.015030515613034368,449587445760000.0,0.08060453400503778,wikitext,wikitext-2-raw-v1,gpt2
